21e6e58f-e058-4cfd-955b-3f00dad11b7b	JAM		Av. Marathon	-70.613054	-33.484872	2025-05-30T21:30:48+00:00	Macul	21	4
f29216ec-7dad-46d0-a021-53847e7da331	ROAD_CLOSED	ROAD_CLOSED_EVENT	Longitudinal	-70.748857	-33.474695	2025-04-18T04:00:00+00:00	Maipú	4	4
289e955c-3155-4bee-a6db-bf568ab2a130	ROAD_CLOSED	ROAD_CLOSED_EVENT	Av. Independencia	-70.674236	-33.392276	2024-06-06T13:26:54+00:00	Conchalí	13	3
9a7f21a5-6852-464b-98b8-6d47d88e8b08	HAZARD	HAZARD_ON_ROAD_CONSTRUCTION	Hernando de Magallanes	-70.561935	-33.420187	2025-05-30T14:25:00+00:00	Las Condes	14	4
03a910f3-0486-4082-b52b-b568546ef6a7	JAM	JAM_HEAVY_TRAFFIC	Portugal	-70.634032	-33.453342	2025-05-30T21:12:05+00:00	Santiago	21	4
0377d661-6f78-49a5-91e7-ba35ef1d64db	JAM	JAM_HEAVY_TRAFFIC	Autopista Costanera Norte	-70.659809	-33.42978	2025-05-30T21:33:37+00:00	Independencia	21	4
32b2a24c-46fe-4b17-9004-f260de82949a	JAM	JAM_HEAVY_TRAFFIC	Autopista Vespucio Norte	-70.634122	-33.387824	2025-05-30T21:35:15+00:00	Huechuraba	21	4
b758dd59-a21d-4c37-9dac-e6cf32d06048	HAZARD	HAZARD_ON_ROAD_POT_HOLE	Cordillera de Los Andes	-70.763257	-33.485005	2025-05-30T17:26:58+00:00	Maipú	17	4
4acbedea-8da4-4de8-95cf-7f01d3941280	POLICE		Av. Armando Cortínez Oriente	-70.791973	-33.401331	2025-05-30T21:26:10+00:00	Pudahuel	21	4
ecaac058-7066-4e13-b70d-c9795137fa47	HAZARD	HAZARD_ON_ROAD_POT_HOLE	San José	-70.789238	-33.517134	2025-05-25T03:32:56+00:00	Maipú	3	6
6db72c04-82f9-42dd-b558-7130bf2c04c6	JAM	JAM_STAND_STILL_TRAFFIC	Av. José Pedro Alessandri	-70.597743	-33.455526	2025-05-30T20:56:57+00:00	Ñuñoa	20	4
323f304e-6722-49fb-a3a7-551a6d995f0a	JAM	JAM_STAND_STILL_TRAFFIC	Av. Irarrázaval	-70.622021	-33.453668	2025-05-30T21:15:16+00:00	Ñuñoa	21	4
b2bedc62-ba25-42d8-832e-5b6be232db1f	JAM	JAM_HEAVY_TRAFFIC	Miraflores	-70.64566	-33.437418	2025-05-30T21:09:56+00:00	Santiago	21	4
7a712d8d-e030-4abf-9003-11aafda4ced0	HAZARD	HAZARD_ON_ROAD_LANE_CLOSED	Av. Libertador Bernardo O'Higgins	-70.667388	-33.44766	2025-04-22T13:00:00+00:00	Santiago	13	1
f0b4aeab-6897-4880-a4c3-a03b358ada0f	JAM	JAM_HEAVY_TRAFFIC	Autopista Vespucio Norte	-70.777565	-33.401004	2025-05-30T21:21:20+00:00	Pudahuel	21	4
69807e89-c7cf-46ea-b3a1-049e66796d6a	HAZARD	HAZARD_ON_ROAD_LANE_CLOSED	Av. Libertador Bernardo O'Higgins	-70.653949	-33.444874	2025-04-22T13:00:00+00:00	Santiago	13	1
41fbc860-3e51-4b10-85d4-1e51190a5489	JAM	JAM_HEAVY_TRAFFIC	Nocedal	-70.557529	-33.437432	2025-05-30T21:20:23+00:00	La Reina	21	4
87f83121-82b6-4329-ad74-c610429a5425	JAM		Salida Presidente Riesco > Oriente	-70.605136	-33.409657	2025-05-30T21:23:32+00:00	Las Condes	21	4
64706a3f-34a2-411f-9a7d-622e417f85ef	JAM	JAM_HEAVY_TRAFFIC	Av. Apóstol Santiago	-70.692242	-33.438661	2025-05-30T21:30:17+00:00	Quinta Normal	21	4
e5314f71-0045-4fda-a9a5-f96fe8a4e331	POLICE		Ruta 68	-70.812954	-33.439129	2025-05-30T21:25:54+00:00	Pudahuel	21	4
afa77882-d2cb-4934-a1ce-d34a3ab6633a	HAZARD	HAZARD_ON_ROAD_POT_HOLE	Av. Dorsal	-70.672169	-33.39949	2025-05-30T20:07:00+00:00	Conchalí	20	4
3fb57f13-7d5a-41d0-bffa-b153488881f0	JAM	JAM_HEAVY_TRAFFIC	Autopista Vespucio Sur	-70.601843	-33.525342	2025-05-30T21:08:34+00:00	La Florida	21	4
ce6f15b9-c7ee-4f0b-b683-6c46794a3b6f	POLICE		Ismael Briceño	-70.729507	-33.373061	2025-05-30T21:12:08+00:00	Quilicura	21	4
3e8549b7-7bb6-4aa3-80f7-86f8dd1ef8e8	HAZARD	HAZARD_ON_SHOULDER_CAR_STOPPED	Autopista Central - Eje Gral. Velásquez	-70.706946	-33.534443	2025-05-30T21:35:17+00:00	San Bernardo	21	4
4c5aba8a-08ff-4fa6-bd5f-36cc8857a524	POLICE		Av. Ejército Libertador	-70.590791	-33.617581	2025-05-30T21:25:03+00:00	Puente Alto	21	4
0db1d8f1-52ca-41dc-831e-f666fc5368e4	JAM		Boccaccio	-70.546958	-33.400762	2025-05-30T21:09:55+00:00	Las Condes	21	4
d9c0d3c4-9581-4076-94a6-b7c02f8755c2	JAM	JAM_STAND_STILL_TRAFFIC	Acceso Autopista Costanera Norte > Poniente	-70.602606	-33.408047	2025-05-30T20:57:37+00:00	Vitacura	20	4
7c9cc380-1c8b-492b-a9d7-b0798ab8bbb6	JAM	JAM_STAND_STILL_TRAFFIC	Av. Francisco Bilbao	-70.62466	-33.44115	2025-05-30T21:13:36+00:00	Providencia	21	4
3c3616dd-52c3-4c44-9e09-d658e127df61	HAZARD	HAZARD_ON_ROAD_POT_HOLE	Santa Zenobia	-70.709545	-33.444803	2025-05-28T12:02:20+00:00	Lo Prado	12	2
7f5bba18-5841-43a5-a48f-4ce00e754bd1	ROAD_CLOSED	ROAD_CLOSED_EVENT	Av. Independencia	-70.682391	-33.382259	2024-06-26T21:08:54+00:00	Conchalí	21	2
6ba18b90-8cdb-4f01-ad14-db2547d5312b	HAZARD	HAZARD_ON_ROAD_POT_HOLE	Vecinal	-70.675682	-33.385365	2025-05-28T21:24:43+00:00	Conchalí	21	2
6a2ebe67-8fb2-4041-a508-3cf36901cd39	JAM	JAM_STAND_STILL_TRAFFIC	Del Inca	-70.579997	-33.417254	2025-05-30T20:59:07+00:00	Las Condes	20	4
56dc3163-fcc5-4818-b1bc-9f856c91ab9b	HAZARD	HAZARD_ON_ROAD_LANE_CLOSED	Av. Libertador Bernardo O'Higgins	-70.666404	-33.447374	2025-04-22T13:00:00+00:00	Santiago	13	1
50c12713-7e94-41a8-a61b-e5d4bf5b1d30	HAZARD	HAZARD_ON_SHOULDER_CAR_STOPPED	Ruta 5 Norte	-70.716456	-33.330401	2025-05-30T21:23:44+00:00	Quilicura	21	4
6115a558-c3c3-4e7b-9998-4bd7e416a03d	JAM	JAM_HEAVY_TRAFFIC	Providencia	-70.744193	-33.482596	2025-05-30T21:33:37+00:00	Maipú	21	4
ce5954e6-9c09-4e30-99c0-42840d78fa8a	HAZARD	HAZARD_ON_ROAD	Av. Aeropuerto	-70.716708	-33.523747	2025-05-30T21:32:27+00:00	Cerrillos	21	4
bd4c78c6-19a9-4402-a4bf-41adff2701f5	CHIT_CHAT		Estacionamiento Mall	-70.605517	-33.511916	2025-05-30T21:34:06+00:00	La Florida	21	4
c9addbcd-c9e0-4cc9-9313-4e844423a24f	JAM	JAM_STAND_STILL_TRAFFIC	Av. Vicuña Mackenna	-70.634379	-33.439933	2025-05-30T21:35:00+00:00	Providencia	21	4
94654d7f-9e7d-4e02-af41-c53e3e9af64b	HAZARD	HAZARD_ON_SHOULDER_CAR_STOPPED	Av. Juan XXIII	-70.570702	-33.386257	2025-05-30T21:34:08+00:00	Vitacura	21	4
834d2304-03f8-4b16-bb0f-0e63e4726af4	JAM	JAM_STAND_STILL_TRAFFIC	Av. Dorsal	-70.688828	-33.402184	2025-05-30T21:12:19+00:00	Renca	21	4
9a09cb7b-a1b7-4a6d-859e-f3eda53b1a51	JAM	JAM_STAND_STILL_TRAFFIC	Av. Francisco Bilbao	-70.632385	-33.442873	2025-05-30T21:25:16+00:00	Providencia	21	4
60398886-9c9e-489f-a51b-a12b779a7deb	HAZARD	HAZARD_ON_ROAD_POT_HOLE	Turquesa	-70.608283	-33.558666	2025-05-30T15:16:25+00:00	La Florida	15	4
38e9bbc4-8468-4291-b886-04471f093d1d	ROAD_CLOSED	ROAD_CLOSED_EVENT	Av. Independencia	-70.681238	-33.383685	2024-06-06T13:21:43+00:00	Conchalí	13	3
2501cafc-4a2c-4344-85b9-8a7478350f29	JAM		Sin descripción detallada	-70.75143	-33.425265	2025-05-30T21:11:51+00:00	Cerro Navia	21	4
6c00cd21-31d2-4fc5-9764-3e742c248da7	JAM	JAM_STAND_STILL_TRAFFIC	Diputada Laura Rodríguez Riccomini	-70.541348	-33.461315	2025-05-30T21:24:11+00:00	La Reina	21	4
70ba8a8c-da22-43fa-94a8-7432f9e1bd81	JAM	JAM_STAND_STILL_TRAFFIC	Av. Pedro de Valdivia	-70.609181	-33.432316	2025-05-30T21:20:53+00:00	Providencia	21	4
b1a5c9c7-62f7-4f62-a066-67b1be99f0ea	JAM	JAM_STAND_STILL_TRAFFIC	Av. San Ignacio	-70.720209	-33.335762	2025-05-30T21:16:47+00:00	Quilicura	21	4
1f2f40b8-c339-45c1-98bd-791468fd5c4d	POLICE		Los Aliaga	-70.577641	-33.463433	2025-05-30T21:34:33+00:00	Ñuñoa	21	4
bf8f2e8b-a140-4060-aec1-af59aa5aa6d4	ROAD_CLOSED	ROAD_CLOSED_EVENT	Av. Hugo Bravo	-70.758188	-33.474319	2025-04-02T12:26:45+00:00	Maipú	12	2
bc8e7940-312f-45ee-8d30-9ffd4d1ca0a2	JAM	JAM_STAND_STILL_TRAFFIC	Av. Balmaceda	-70.679108	-33.593787	2025-05-30T21:25:15+00:00	San Bernardo	21	4
730e9cbc-dc8e-441c-98a1-c50b88b5eef2	ROAD_CLOSED	ROAD_CLOSED_EVENT	Aves del Paraíso	-70.750208	-33.471579	2025-04-18T04:05:16+00:00	Maipú	4	4
182acc4d-a402-4c46-b962-58c066fca658	ROAD_CLOSED	ROAD_CLOSED_EVENT	Av. Independencia	-70.677877	-33.388526	2024-06-06T13:23:34+00:00	Conchalí	13	3
2f5e72fd-cb8c-4239-852b-d76d265c0529	CHIT_CHAT		Isidora Goyenechea	-70.597471	-33.414416	2025-05-30T21:12:12+00:00	Las Condes	21	4
d2699b43-3eef-4ff9-a689-c5bfff46f949	JAM	JAM_STAND_STILL_TRAFFIC	Santa Lucía	-70.644245	-33.439521	2025-05-30T21:20:27+00:00	Santiago	21	4
0f49aa2e-5901-456a-8505-d7bec331189e	ROAD_CLOSED	ROAD_CLOSED_EVENT	Vicuña Rozas	-70.729772	-33.4322	2025-05-07T22:36:15+00:00	Cerro Navia	22	2
352900c8-4b45-4d0d-8235-c79c3822ec96	ROAD_CLOSED	ROAD_CLOSED_EVENT	Av. Tobalaba	-70.558517	-33.486804	2025-04-29T12:48:12+00:00	Peñalolén	12	1
2aeb7b04-f80c-4156-871b-0bc4b88275ae	HAZARD	HAZARD_ON_ROAD_LANE_CLOSED	Av. Libertador Bernardo O'Higgins	-70.664854	-33.447463	2025-04-22T13:00:00+00:00	Santiago	13	1
ada6dddf-e3aa-4480-93be-42226867ecbd	JAM	JAM_HEAVY_TRAFFIC	Av. Vicuña Mackenna	-70.634085	-33.441659	2025-05-30T20:48:33+00:00	Santiago	20	4
3d9ac785-cb7f-47ee-942a-f77deae9b058	JAM	JAM_STAND_STILL_TRAFFIC	Av. Teniente Luis Cruz Martínez	-70.73937	-33.449102	2025-05-30T21:13:02+00:00	Pudahuel	21	4
1f3c7cef-9ed1-4e87-aa03-b55f2343b1f6	HAZARD	HAZARD_ON_SHOULDER_CAR_STOPPED	Av. Américo Vespucio	-70.782044	-33.413004	2025-05-30T21:32:03+00:00	Renca	21	4
2f325ad5-745b-4b48-b16f-60261a2e5eb9	JAM		Autopista Central / Eje Norte-Sur	-70.706383	-33.553454	2025-05-30T21:22:54+00:00	San Bernardo	21	4
eeb8d103-d7e5-4816-8e0e-f17f0a2b5d69	POLICE		Salida 6 > Lo Curro	-70.573008	-33.378715	2025-05-30T21:24:12+00:00	Vitacura	21	4
b08ea468-633c-48ba-bb30-bb8f2beb8cae	JAM	JAM_STAND_STILL_TRAFFIC	Av. Francisco Bilbao	-70.622366	-33.440531	2025-05-30T20:54:21+00:00	Providencia	20	4
ccfd8cc2-7045-4384-ad17-5845a18ccc94	JAM	JAM_HEAVY_TRAFFIC	Av. Walker Martínez	-70.5584	-33.522277	2025-05-30T21:14:31+00:00	La Florida	21	4
4e705f1c-6fd7-47bc-8b32-ac4851d6f862	JAM	JAM_STAND_STILL_TRAFFIC	Av. Pajaritos	-70.757273	-33.494798	2025-05-30T19:43:50+00:00	Maipú	19	4
32f50018-6f26-45e5-aeb7-5e24a03f1136	POLICE		Dr. Sótero del Río	-70.603798	-33.539099	2025-05-30T21:34:44+00:00	La Florida	21	4
59f66621-0fe7-40cc-9c22-907bdfba7e4a	JAM	JAM_HEAVY_TRAFFIC	Av. Portales	-70.680691	-33.443935	2025-05-30T21:08:22+00:00	Santiago	21	4
0de56eda-3e8b-45a7-a92b-c092ad04ba5b	POLICE		Sin descripción detallada	-70.581006	-33.402507	2025-05-30T21:13:21+00:00	Las Condes	21	4
49f9dea8-7f15-45ba-9503-aa99f2025b64	JAM		Vespucio Norte	-70.59618	-33.389448	2025-05-30T21:27:23+00:00	Vitacura	21	4
e5b140d1-83e5-49b6-bb34-78eb1de7c7aa	JAM	JAM_HEAVY_TRAFFIC	Salida 2 > Av. El Salto	-70.622139	-33.395263	2025-05-30T21:22:40+00:00	Huechuraba	21	4
ebfaad9b-2eeb-40cd-aa0d-1e41681527a3	HAZARD	HAZARD_ON_ROAD_POT_HOLE	Av. Carlos Valdovinos	-70.62727	-33.485041	2025-05-28T11:02:00+00:00	San Joaquín	11	2
22b8d063-7fdd-4afd-a005-c829a597308d	JAM	JAM_HEAVY_TRAFFIC	Av. Vicuña Mackenna	-70.586495	-33.555028	2025-05-30T21:14:30+00:00	La Florida	21	4
b0206033-f0d7-414e-b1ae-8c47091c49fe	JAM	JAM_STAND_STILL_TRAFFIC	Presidente José Batlle y Ordóñez	-70.580661	-33.454188	2025-05-30T21:12:10+00:00	Ñuñoa	21	4
8f6a260b-0a69-438d-82bb-070c887d3970	HAZARD	HAZARD_ON_ROAD_POT_HOLE	Providencia - Vitacura - Kennedy por Túnel San Cristóbal	-70.62375	-33.394889	2025-05-23T16:31:49+00:00	Huechuraba	16	4
3615fada-7c63-40d4-82a5-17345f3b0b80	POLICE		Rinconada	-70.774404	-33.509107	2025-05-30T21:09:27+00:00	Maipú	21	4
1506871d-652d-4dda-be56-0c71aa2b5666	HAZARD	HAZARD_ON_ROAD_POT_HOLE	Av. Las Acacias	-70.698076	-33.56088	2025-05-30T21:17:21+00:00	San Bernardo	21	4
dbb3ed39-ef9f-4ce5-b1bf-872997ad065e	POLICE		Carlos Dittborn	-70.617376	-33.465973	2025-05-30T21:08:37+00:00	Ñuñoa	21	4
b05517c5-e06a-4a7c-bd0a-9f0aa4476757	JAM		Av. Carrascal	-70.722618	-33.41162	2025-05-30T21:33:33+00:00	Quinta Normal	21	4
24038c12-652b-44df-8393-cd34cc788f18	HAZARD	HAZARD_ON_ROAD_POT_HOLE	Chorrillos 3	-70.820868	-33.343024	2025-05-30T20:08:33+00:00	Lampa	20	4
c662cbd0-719e-45d2-9687-294671831b60	HAZARD	HAZARD_ON_ROAD_LANE_CLOSED	Av. Libertador Bernardo O'Higgins	-70.654319	-33.444497	2025-04-22T13:00:00+00:00	Santiago	13	1
9b63d5b5-7e66-47df-bb05-71114b27baf9	JAM	JAM_HEAVY_TRAFFIC	Av. Departamental	-70.651041	-33.504475	2025-05-30T21:21:29+00:00	San Miguel	21	4
36040311-7e19-4bab-95d0-ddfd29e5810a	ROAD_CLOSED	ROAD_CLOSED_EVENT	Los Aromos	-70.875938	-33.614047	2025-04-15T17:44:42+00:00	Peñaflor	17	1
ced637e2-7cab-4bd0-998e-6e06f6cdb27d	JAM	JAM_STAND_STILL_TRAFFIC	Miguel Claro	-70.618441	-33.439191	2025-05-30T21:16:54+00:00	Providencia	21	4
b26f7062-8290-4ab2-a0c1-0e55bc273dfc	POLICE		Sin descripción detallada	-70.857043	-33.609937	2025-05-30T21:16:56+00:00	Peñaflor	21	4
8696a561-a359-4a4c-93f5-df356ea6067d	HAZARD	HAZARD_ON_ROAD_POT_HOLE	Lautaro	-70.696848	-33.341406	2025-05-30T21:34:26+00:00	Quilicura	21	4
899fbe17-307f-4747-ab35-656f8bc15452	JAM	JAM_STAND_STILL_TRAFFIC	Ruta 5 Norte	-70.716374	-33.330592	2025-05-30T20:55:51+00:00	Quilicura	20	4
2d2be8a0-99f4-4c73-b258-e48f05fca7b1	POLICE		Av. María Rozas Velásquez	-70.705796	-33.456497	2025-05-30T21:07:51+00:00	Lo Prado	21	4
37f13c41-9401-4a39-ba0d-9e5ac4b9aed3	JAM	JAM_HEAVY_TRAFFIC	Av. Américo Vespucio Norte	-70.590525	-33.394101	2025-05-30T21:37:28+00:00	Vitacura	21	4
d7a88b0d-0a57-47ab-87aa-2c0f34d11d6a	ROAD_CLOSED	ROAD_CLOSED_EVENT	Los Olmos	-70.875204	-33.616932	2025-04-16T04:10:29+00:00	Peñaflor	4	2
c0d16607-1ae3-48b0-a244-c81fc6dbb932	HAZARD	HAZARD_ON_ROAD_POT_HOLE	Puerto Montt	-70.693792	-33.394013	2025-05-30T20:52:28+00:00	Renca	20	4
59611bbf-e9ce-408a-9f29-5341ccd36822	JAM	JAM_HEAVY_TRAFFIC	Av. Manuel Rodríguez Sur	-70.660217	-33.448684	2025-05-30T21:19:42+00:00	Santiago	21	4
532f21f6-a13a-4f48-9ef8-218c87eaa95f	HAZARD	HAZARD_WEATHER	Los Aliaga	-70.576704	-33.460206	2025-05-30T21:26:44+00:00	Ñuñoa	21	4
5926dbde-b6ec-453c-9534-bdc134ee8fa4	JAM	JAM_STAND_STILL_TRAFFIC	Acceso a Autopista Costanera Norte > Oriente	-70.62365	-33.427411	2025-05-30T20:57:21+00:00	Providencia	20	4
bc7bed42-b63d-408f-88f3-524289bf8d35	ROAD_CLOSED	ROAD_CLOSED_EVENT	Av. Independencia	-70.673901	-33.392827	2024-06-06T13:26:54+00:00	Conchalí	13	3
fc773af3-ae1f-45ef-9cce-36c0b064e685	JAM	JAM_HEAVY_TRAFFIC	Autopista Vespucio Norte	-70.744202	-33.373159	2025-05-30T21:36:58+00:00	Quilicura	21	4
5eaa7758-d20a-412d-95ce-bb269b02a911	JAM	JAM_HEAVY_TRAFFIC	Av. Italia	-70.626553	-33.441346	2025-05-30T21:25:55+00:00	Providencia	21	4
9ced5477-192f-40e7-90a6-4424818b2efb	HAZARD	HAZARD_ON_ROAD_POT_HOLE	Fresia	-70.693989	-33.39443	2025-05-30T20:51:24+00:00	Renca	20	4
3e8ee57e-5d32-4467-be3f-fda9ebc7016e	JAM	JAM_HEAVY_TRAFFIC	Autopista Costanera Norte	-70.710693	-33.407425	2025-05-30T21:28:22+00:00	Renca	21	4
e784c13d-63b0-4ed0-8f5b-eb99b4ba4e21	JAM	JAM_STAND_STILL_TRAFFIC	Autopista Vespucio Norte	-70.766332	-33.457098	2025-05-30T20:53:02+00:00	Pudahuel	20	4
2753f2fb-a233-4642-9b3f-2a800f99bba5	JAM	JAM_HEAVY_TRAFFIC	Av. Pajaritos	-70.757376	-33.498873	2025-05-30T21:15:35+00:00	Maipú	21	4
25fbaeac-c06a-409c-82bc-c9a7c1f5cf91	JAM	JAM_HEAVY_TRAFFIC	Av. Las Nieves Oriente	-70.577191	-33.59403	2025-05-30T21:32:17+00:00	Puente Alto	21	4
fd658fec-df2a-48e2-9ad6-320457391b10	JAM	JAM_HEAVY_TRAFFIC	Av. Recoleta	-70.643406	-33.411701	2025-05-30T21:29:09+00:00	Recoleta	21	4
5175642b-306e-47a8-b88f-b19f546dff27	HAZARD	HAZARD_ON_ROAD_OBJECT	Av. Rinconada	-70.866393	-33.450009	2025-05-30T21:08:31+00:00	Pudahuel	21	4
0c13bd23-e676-4b2b-b7f1-009a45b9d791	POLICE		Ruta G-260 / Camino a Rinconada	-70.802297	-33.508487	2025-05-30T21:11:03+00:00	Maipú	21	4
e75f6556-3c0a-4d79-8572-0ce878380d3a	JAM		Autopista Central - Eje Gral. Velásquez	-70.690114	-33.457062	2025-05-30T21:15:27+00:00	Estación Central	21	4
4e01dd9f-7eca-49f0-ab25-2b0b186bd3ff	JAM	JAM_HEAVY_TRAFFIC	Libertad	-70.674571	-33.436614	2025-05-30T21:18:05+00:00	Santiago	21	4
44f9a738-81e2-4899-b5d5-f5d1cee04142	JAM	JAM_HEAVY_TRAFFIC	Av. Manuel Antonio Matta	-70.641221	-33.457791	2025-05-30T21:08:18+00:00	Santiago	21	4
0bb6ea2b-ac0d-4483-9ca5-09617378cbb5	JAM	JAM_HEAVY_TRAFFIC	Av. Francisco Bilbao	-70.626914	-33.441913	2025-05-30T20:50:51+00:00	Providencia	20	4
9e727ad8-6360-4cd7-9e06-00d0577af301	ROAD_CLOSED	ROAD_CLOSED_EVENT	Av. Quilín Norte	-70.566423	-33.489164	2025-05-30T21:03:10+00:00	Peñalolén	21	4
8de86931-49b1-42c9-998e-ad0604e96d8c	ACCIDENT		Av. Santa Rosa	-70.629317	-33.577171	2025-05-30T21:36:27+00:00	La Pintana	21	4
904c378f-4ef8-40ae-adee-ec9e1aa20fca	POLICE		Av. 5 de Abril	-70.696525	-33.460898	2025-05-30T21:32:43+00:00	Estación Central	21	4
8f1f6988-13c1-4271-b7fd-e228597d74cc	POLICE		Sin descripción detallada	-70.600664	-33.517972	2025-05-30T21:22:53+00:00	La Florida	21	4
a4cb0f6f-ad4a-4a70-a53a-6d6ac9da130d	JAM	JAM_HEAVY_TRAFFIC	Av. El Salto	-70.635469	-33.409014	2025-05-30T21:30:14+00:00	Recoleta	21	4
aecaf527-0766-4537-b32c-20890479cd68	HAZARD	HAZARD_ON_ROAD_POT_HOLE	El Chercán	-70.735793	-33.481026	2025-05-27T15:04:56+00:00	Maipú	15	1
f4ce377c-9546-42ca-a9e6-dcdf87772200	JAM	JAM_HEAVY_TRAFFIC	Av. Las Perdices	-70.542353	-33.495886	2025-05-30T21:26:37+00:00	Peñalolén	21	4
0a6df6e7-c012-4016-bdc2-7dc46fd07b4b	JAM	JAM_HEAVY_TRAFFIC	Av. Américo Vespucio	-70.704284	-33.519998	2025-05-30T21:31:31+00:00	Cerrillos	21	4
98b8b236-6480-4f38-a365-88023e86a43c	JAM	JAM_STAND_STILL_TRAFFIC	Autopista Vespucio Norte	-70.781828	-33.440756	2025-05-30T21:28:49+00:00	Pudahuel	21	4
2ab7c35d-ec6f-4f5f-98f7-b177f0f6574e	HAZARD	HAZARD_ON_ROAD_POT_HOLE	Orleans	-70.730045	-33.472088	2025-05-24T21:48:08+00:00	Maipú	21	5
befd4d87-a76d-475c-9acd-345fa1db5eb8	ROAD_CLOSED	ROAD_CLOSED_EVENT	Av. Independencia	-70.672108	-33.395503	2024-06-06T13:26:54+00:00	Conchalí	13	3
755aaf88-adbb-4842-8f05-73ae43b4d3a1	JAM	JAM_STAND_STILL_TRAFFIC	Dublé Almeyda	-70.573584	-33.460028	2025-05-30T21:33:48+00:00	Ñuñoa	21	4
25fddc3a-d09b-4eb4-a51e-2c0b03e211e8	POLICE		Av. Manuel Castillo	-70.856804	-33.609795	2025-05-30T21:17:37+00:00	Peñaflor	21	4
b3aec374-50c7-49ca-99b4-67084df0c3d5	POLICE	POLICE_HIDING	Renaico	-70.753021	-33.499983	2025-05-30T21:19:26+00:00	Maipú	21	4
c9b1ff22-4bb6-4451-8e70-9eba26a8c399	HAZARD	HAZARD_ON_ROAD_TRAFFIC_LIGHT_FAULT	Jacarandá	-70.537383	-33.476716	2025-05-30T21:14:37+00:00	Peñalolén	21	4
db75fe6d-d47d-4e34-bb08-41bbac8b6d15	HAZARD	HAZARD_ON_ROAD_POT_HOLE	Galvarino	-70.705497	-33.332955	2025-05-30T21:32:14+00:00	Quilicura	21	4
2e8b897c-1dff-42ce-bd90-75b4e38142e4	JAM	JAM_STAND_STILL_TRAFFIC	Gerónimo de Alderete	-70.601146	-33.528506	2025-05-30T21:30:47+00:00	La Florida	21	4
b4bd792a-077f-468e-aaaf-0d576256ae19	JAM	JAM_HEAVY_TRAFFIC	Av. Echeñique	-70.565168	-33.444682	2025-05-30T21:12:30+00:00	La Reina	21	4
17e0e7e5-135b-4deb-94cc-bdb5bd2d276c	HAZARD	HAZARD_ON_ROAD_POT_HOLE	Santa Isabel	-70.734164	-33.308433	2025-05-27T15:33:18+00:00	Lampa	15	1
7e730952-c130-41af-b4fb-55d9f016bd78	POLICE		Froilán Roa	-70.595319	-33.517491	2025-05-30T21:35:47+00:00	La Florida	21	4
bd9e452e-32c6-40b5-975d-2ffa7f9e666b	JAM		Av. Perú	-70.582899	-33.54795	2025-05-30T21:25:46+00:00	La Florida	21	4
b284a598-bf19-4f74-9abb-bded537eafe8	HAZARD	HAZARD_ON_ROAD_POT_HOLE	Chorrillos 3	-70.82117	-33.346414	2025-05-30T12:33:09+00:00	Lampa	12	4
80cd18c7-eb21-42be-9bfb-b2a38502a4b5	JAM	JAM_HEAVY_TRAFFIC	Autopista Costanera Norte	-70.606433	-33.410136	2025-05-30T20:59:40+00:00	Providencia	20	4
56c5b5d8-7586-4b1e-b807-f617aceff831	JAM	JAM_HEAVY_TRAFFIC	Los Militares	-70.585847	-33.413953	2025-05-30T21:31:16+00:00	Las Condes	21	4
d7ac0044-2112-467b-a3f0-648f3576839f	JAM	JAM_HEAVY_TRAFFIC	Coronel Robles	-70.692444	-33.437827	2025-05-30T21:20:11+00:00	Quinta Normal	21	4
3253d1ad-5211-495c-a7e4-d75d7348df9f	JAM	JAM_STAND_STILL_TRAFFIC	Av. Costanera Andrés Bello	-70.622863	-33.428464	2025-05-30T21:32:37+00:00	Providencia	21	4
42b45760-b0e8-440a-a90f-3ff30f679f5b	JAM	JAM_HEAVY_TRAFFIC	Av. La Dehesa	-70.516084	-33.360644	2025-05-30T21:28:01+00:00	Lo Barnechea	21	4
6d15d099-2704-4029-95d2-86261489fa52	ROAD_CLOSED	ROAD_CLOSED_EVENT	Acceso Autopista Costanera Norte > Oriente	-70.607172	-33.412584	2025-04-29T13:44:03+00:00	Providencia	13	1
239e78ea-a423-4210-bb36-9e01022438c3	JAM	JAM_STAND_STILL_TRAFFIC	Av. Américo Vespucio Norte	-70.592151	-33.392698	2025-05-30T21:13:03+00:00	Vitacura	21	4
182f04c5-f9eb-437f-9b65-2fb8334b8055	JAM		Autopista Central	-70.667199	-33.427146	2025-05-30T21:09:40+00:00	Independencia	21	4
3514fab8-d7ca-4682-b605-ea7108e34f33	JAM		Ruta 57 CH / Autopista Los Libertadores	-70.698098	-33.330174	2025-05-30T21:29:33+00:00	Quilicura	21	4
4ce543f6-7cf0-4eb7-9914-81218367ab6f	JAM	JAM_STAND_STILL_TRAFFIC	Av. Américo Vespucio	-70.746596	-33.495614	2025-05-30T21:28:43+00:00	Maipú	21	4
ec6962a9-dc84-444a-ba06-fea282de720f	JAM	JAM_HEAVY_TRAFFIC	Tomás Moro	-70.553054	-33.4189	2025-05-30T21:26:29+00:00	Las Condes	21	4
1b76cb97-d984-4ced-bc0e-7b39613c9bea	JAM	JAM_STAND_STILL_TRAFFIC	Av. Isabel Riquelme	-70.632184	-33.479841	2025-05-30T21:06:11+00:00	San Joaquín	21	4
79bfbaf9-7617-4849-9b04-a5490c86f6c1	JAM	JAM_HEAVY_TRAFFIC	Autopista Central - Eje Gral. Velásquez	-70.704589	-33.522107	2025-05-30T21:05:35+00:00	Lo Espejo	21	4
2ac65ba0-bb9f-4183-9c14-a2ef4da02114	JAM	JAM_HEAVY_TRAFFIC	Av. Ossa	-70.573895	-33.436694	2025-05-30T21:17:25+00:00	La Reina	21	4
c8e96513-f14d-47e4-8873-47dd9a59ccc5	JAM	JAM_HEAVY_TRAFFIC	Av. Presidente Eduardo Frei Montalva	-70.716944	-33.329855	2025-05-30T21:26:16+00:00	Quilicura	21	4
3dd72b65-ebfd-48c7-8934-cdc6d224b3c6	JAM	JAM_HEAVY_TRAFFIC	Av. Américo Vespucio	-70.746005	-33.496589	2025-05-30T21:36:42+00:00	Maipú	21	4
01875de4-abb2-488d-a80e-f2dfc798931a	HAZARD	HAZARD_ON_ROAD_POT_HOLE	Pasaje El Pino	-70.644294	-33.587053	2025-05-28T14:51:59+00:00	La Pintana	14	2
f878e5a3-03b1-411e-8bec-57373ea5bacd	CHIT_CHAT		Ruta 5 Norte	-70.713276	-33.33757	2025-05-30T21:14:09+00:00	Quilicura	21	4
c048db4d-ea1b-4c29-8f60-eb630e5fab19	HAZARD	HAZARD_ON_ROAD_POT_HOLE	Centenario	-70.676339	-33.47618	2025-05-26T23:56:12+00:00	Estación Central	23	0
92a63ae5-5e1c-47aa-80ba-b250541cabc4	JAM	JAM_HEAVY_TRAFFIC	Bellavista	-70.631828	-33.433743	2025-05-30T21:35:29+00:00	Providencia	21	4
3e7eb15f-02e3-4701-9388-cee7d1766438	JAM	JAM_STAND_STILL_TRAFFIC	Manuel Montt	-70.616122	-33.436763	2025-05-30T21:08:58+00:00	Providencia	21	4
c5acca04-9947-4bc5-981d-5d38191c8288	JAM	JAM_STAND_STILL_TRAFFIC	Av. José Pedro Alessandri	-70.597975	-33.46011	2025-05-30T21:11:39+00:00	Ñuñoa	21	4
8e6d0f2c-e30c-49df-a57b-37f3a90d15c5	JAM	JAM_STAND_STILL_TRAFFIC	Salar de Atacama	-70.77919	-33.429223	2025-05-30T21:30:26+00:00	Pudahuel	21	4
c794cb0a-6c6b-406e-91cf-5c6868cf4718	JAM	JAM_HEAVY_TRAFFIC	Acceso Autopista Costanera Norte > Poniente	-70.607067	-33.411864	2025-05-30T21:15:31+00:00	Providencia	21	4
acffe968-ba36-49f5-bfb6-f3c6d5deb405	JAM	JAM_HEAVY_TRAFFIC	Av. Vicuña Mackenna	-70.622596	-33.476818	2025-05-30T21:27:01+00:00	San Joaquín	21	4
efca5078-dd38-4f9b-bf06-35f03e2d9f45	HAZARD	HAZARD_ON_ROAD_POT_HOLE	Álvaro Casanova	-70.523982	-33.470452	2025-05-30T00:30:30+00:00	Peñalolén	0	4
4e0d6748-ea58-41c1-bc68-fac0f602e9db	ACCIDENT		Av. Providencia	-70.604716	-33.41948	2025-05-30T21:06:42+00:00	Providencia	21	4
68f9313b-a76c-4d3a-8034-260e7cacb6d5	ROAD_CLOSED	ROAD_CLOSED_EVENT	Longitudinal	-70.748175	-33.470679	2025-04-03T14:35:02+00:00	Maipú	14	3
d9401fa3-7e2a-4aaa-bc39-ff83018a1ee5	ROAD_CLOSED	ROAD_CLOSED_EVENT	Longitudinal	-70.748344	-33.471714	2025-04-03T14:35:02+00:00	Maipú	14	3
0a8c062e-876c-4420-b730-2b8372f77b4f	HAZARD	HAZARD_ON_ROAD_OBJECT	Ruta G-18 / Camino El Noviciado	-70.84435	-33.362949	2025-05-30T21:37:03+00:00	Lampa	21	4
81747506-da72-4d20-8475-8f9c7b800e1f	JAM	JAM_HEAVY_TRAFFIC	Montevideo	-70.695698	-33.393956	2025-05-30T21:07:38+00:00	Renca	21	4
a5779c6b-5b87-4873-8290-cdd66c944bb2	HAZARD	HAZARD_ON_ROAD_LANE_CLOSED	Av. Libertador Bernardo O'Higgins	-70.661693	-33.446171	2025-04-22T13:00:00+00:00	Santiago	13	1
07ec7483-99ca-4e30-a842-9e036f6709b1	JAM	JAM_HEAVY_TRAFFIC	Gran Avenida José Miguel Carrera	-70.64958	-33.48391	2025-05-30T21:37:09+00:00	San Miguel	21	4
84012686-f207-4e5a-b424-5914c436094d	JAM	JAM_STAND_STILL_TRAFFIC	Av. Providencia	-70.630431	-33.43578	2025-05-30T20:59:01+00:00	Providencia	20	4
abcd6960-b00e-4edf-8999-c9ccc9e3b9f7	JAM	JAM_HEAVY_TRAFFIC	Av. Lo Ovalle	-70.642173	-33.517845	2025-05-30T21:30:40+00:00	San Miguel	21	4
cef76990-5ad8-435d-b99e-a74e9fe5450e	POLICE		Av. Apóstol Santiago	-70.698021	-33.400146	2025-05-30T21:34:28+00:00	Renca	21	4
0fdb6f22-b855-48d1-bbdb-24d39cd572af	JAM		Camino La Capilla de Nos	-70.720026	-33.636999	2025-05-30T21:22:41+00:00	San Bernardo	21	4
4d2b29d5-6422-4e9a-8dc9-f0455e436c7b	JAM	JAM_HEAVY_TRAFFIC	Av. Américo Vespucio	-70.716734	-33.515273	2025-05-30T21:23:50+00:00	Cerrillos	21	4
9b1d97b8-cee6-4326-a0ff-aeaab73821cc	JAM	JAM_HEAVY_TRAFFIC	Mirador Azul	-70.607855	-33.513067	2025-05-30T21:34:39+00:00	La Florida	21	4
52a2cfdb-5b26-445a-baa5-c88e8ecfc4c5	HAZARD	HAZARD_ON_ROAD_LANE_CLOSED	Av. Libertador Bernardo O'Higgins	-70.666042	-33.447282	2025-04-22T13:00:00+00:00	Santiago	13	1
d0411b6a-0796-468a-b58a-200ab7e5d4d5	JAM	JAM_STAND_STILL_TRAFFIC	Miguel Claro	-70.61944	-33.43477	2025-05-30T21:36:34+00:00	Providencia	21	4
33fcb7f4-a67f-4be2-a7d4-ed10deb610cf	JAM		Av. Concha y Toro	-70.57391	-33.620428	2025-05-30T21:24:16+00:00	Puente Alto	21	4
32463e66-328a-452c-a55c-92dfe0a667cb	ROAD_CLOSED	ROAD_CLOSED_EVENT	Av. Claudio Arrau	-70.767285	-33.448891	2025-05-15T14:34:15+00:00	Pudahuel	14	3
cfd2a1d2-55e0-4523-a00b-b5240287b819	HAZARD	HAZARD_ON_ROAD_POT_HOLE	Av. Los Presidentes	-70.550093	-33.488878	2025-05-30T00:51:35+00:00	Peñalolén	0	4
ff0018a3-c7d3-4a6e-afdc-3223249978d8	POLICE		Av. Santa María	-70.658611	-33.429547	2025-05-30T21:32:57+00:00	Independencia	21	4
ba9fe2f7-2bc0-437a-b3bc-6f90f3bf7d3e	HAZARD	HAZARD_ON_ROAD_POT_HOLE	Las Nalcas Norte	-70.550091	-33.528879	2025-05-30T21:29:42+00:00	La Florida	21	4
4638db37-5012-405a-a330-90fc35e14059	HAZARD	HAZARD_ON_ROAD_POT_HOLE	María del Pilar	-70.634978	-33.391235	2025-05-30T11:42:22+00:00	Recoleta	11	4
fb77566a-6e4a-4809-b3a7-975dfb0af879	POLICE		Kennedy lateral	-70.582525	-33.402838	2025-05-30T21:14:56+00:00	Las Condes	21	4
f67ab31c-91fe-4081-b441-487f348f76cf	ROAD_CLOSED	ROAD_CLOSED_EVENT	Santa Amalia	-70.580736	-33.543554	2025-05-19T13:35:30+00:00	La Florida	13	0
fdfb6c1b-63ea-48ca-bb9c-02a19b290c30	HAZARD	HAZARD_ON_ROAD_POT_HOLE	Los Pintores	-70.745125	-33.477542	2025-05-30T21:05:19+00:00	Maipú	21	4
106d6e08-903d-48fd-a1a5-c67e7a743e96	HAZARD	HAZARD_ON_ROAD	Av. Américo Vespucio	-70.700001	-33.522337	2025-05-30T21:32:35+00:00	Lo Espejo	21	4
6c90c475-bf45-42b9-86d4-bf3cca42830c	JAM	JAM_STAND_STILL_TRAFFIC	Lynch Norte	-70.565326	-33.452219	2025-05-30T21:10:46+00:00	La Reina	21	4
ff90f1a0-a36f-47fb-9e3e-904afec0a94d	JAM		Santa Luisa	-70.741277	-33.344707	2025-05-30T21:34:27+00:00	Quilicura	21	4
ad6a7728-7fed-4ff7-b335-952dec0913d7	ROAD_CLOSED		Blanco Fombona	-70.666823	-33.414589	2025-05-30T21:24:31+00:00	Independencia	21	4
f568b70f-3476-4232-8bee-fc05cf4607b1	CHIT_CHAT		Av. Providencia	-70.634526	-33.437202	2025-05-30T21:33:07+00:00	Providencia	21	4
0f6741b4-4cb9-4a26-9725-d3323a98ce6e	JAM		Los Pescadores	-70.606292	-33.461354	2025-05-30T21:21:04+00:00	Ñuñoa	21	4
94247e5f-fa04-4979-b6cc-3a3fc0a78ebc	POLICE		Av. Quilín	-70.581363	-33.488346	2025-05-30T21:27:49+00:00	Macul	21	4
18d712a3-9236-4151-9fa0-9b9ccabc5ee8	ROAD_CLOSED	ROAD_CLOSED_EVENT	Romeo Salinas	-70.574344	-33.438036	2025-04-03T19:14:41+00:00	Ñuñoa	19	3
7af4635d-1fc8-4540-bc03-20f98cca3bcf	POLICE		Av. Concha y Toro	-70.573299	-33.634846	2025-05-30T21:11:22+00:00	Pirque	21	4
afb7d12e-8cd9-4ba2-9203-389fb06fa125	JAM		Av. Departamental	-70.643658	-33.506039	2025-05-30T21:15:36+00:00	San Miguel	21	4
19984734-f866-43ba-838b-30cf9914c5d1	POLICE		Los Maitenes	-70.705537	-33.464045	2025-05-30T21:33:10+00:00	Estación Central	21	4
a45d1e67-396c-46f1-802e-94cd6eec657f	JAM	JAM_HEAVY_TRAFFIC	Paso bajo nivel / Gerónimo de Alderete	-70.602163	-33.528491	2025-05-30T21:30:03+00:00	La Florida	21	4
851ce149-da42-44c1-9763-23455369fa1a	JAM	JAM_STAND_STILL_TRAFFIC	Av. Irarrázaval	-70.602981	-33.454351	2025-05-30T21:20:56+00:00	Ñuñoa	21	4
84a3e59f-8c37-4554-9221-31825dfe88c9	POLICE		Av. Independencia	-70.659707	-33.409889	2025-05-30T21:20:09+00:00	Independencia	21	4
8c839ce6-622d-4e0f-8133-ef197f53f1ca	ROAD_CLOSED	ROAD_CLOSED_EVENT	Av. Independencia	-70.682818	-33.381467	2024-06-06T13:21:43+00:00	Conchalí	13	3
ae58a713-920a-42ff-9999-b8fd07ee21c4	JAM	JAM_HEAVY_TRAFFIC	Av. 10 de Julio Huamachuco	-70.646132	-33.453668	2025-05-30T20:56:25+00:00	Santiago	20	4
0beb9956-ffdf-4708-8de5-f74e777c9457	JAM	JAM_HEAVY_TRAFFIC	Monseñor Edwards	-70.561928	-33.440706	2025-05-30T21:08:32+00:00	La Reina	21	4
135ae8bb-982d-4b14-a640-e85d441e19f6	JAM	JAM_STAND_STILL_TRAFFIC	Av. Marathon	-70.615005	-33.465066	2025-05-30T21:29:12+00:00	Ñuñoa	21	4
0d0ebce5-7b94-4e4c-a656-462c62bf6b7b	ROAD_CLOSED		Francisco Astaburuaga	-70.69468	-33.534381	2025-05-30T21:07:41+00:00	Lo Espejo	21	4
bb5693b4-81ec-4f88-a30d-8d2e6f69397c	JAM	JAM_STAND_STILL_TRAFFIC	General Mackenna	-70.655064	-33.433174	2025-05-30T21:34:53+00:00	Santiago	21	4
f35d4177-ca17-4644-a20f-e3425d651178	ROAD_CLOSED	ROAD_CLOSED_EVENT	Los Aromos	-70.876047	-33.614422	2025-04-15T17:44:42+00:00	Peñaflor	17	1
bba9542e-799b-4c6d-86d9-d9e1d2f0c8b7	HAZARD	HAZARD_ON_ROAD_LANE_CLOSED	Av. Libertador Bernardo O'Higgins	-70.661444	-33.44668	2025-04-22T13:00:00+00:00	Santiago	13	1
93f7698c-9c4c-435f-9c7f-db97ae0100af	HAZARD	HAZARD_ON_ROAD	Av. José Joaquín Pérez	-70.764331	-33.427131	2025-05-31T02:48:53+00:00	Pudahuel	2	5
0386c66c-32ef-4cae-8a7e-6c5da031ecab	POLICE		Los Halcones	-70.745875	-33.459131	2025-05-31T02:55:27+00:00	Pudahuel	2	5
dbda6b3f-e958-46b1-8613-5da6808c76dd	HAZARD	HAZARD_ON_ROAD_POT_HOLE	Las Palomas de San José	-70.735643	-33.481233	2025-05-30T19:09:29+00:00	Maipú	19	4
315beead-9bf8-45b1-bb9b-56a34aafaaa5	HAZARD	HAZARD_ON_ROAD_CONSTRUCTION	Autopista Central - Eje Gral. Velásquez	-70.700508	-33.51278	2025-05-31T02:59:17+00:00	Cerrillos	2	5
2228168f-43da-4520-9b86-e0ee476afd16	HAZARD	HAZARD_ON_ROAD_POT_HOLE	Gauss	-70.658993	-33.499485	2025-05-31T02:17:49+00:00	San Miguel	2	5
362617bd-1787-433d-b88b-04754bd1f6cb	HAZARD	HAZARD_ON_ROAD_POT_HOLE	Presidente Gabriel González Videla	-70.780495	-33.529575	2025-05-29T00:04:37+00:00	Maipú	0	3
facb8c0e-a269-4f54-ae04-caa6d902a1ce	HAZARD	HAZARD_ON_ROAD_POT_HOLE	Las Palomas de San José	-70.736559	-33.480485	2025-05-26T19:08:40+00:00	Maipú	19	0
2fe8653e-113e-48e1-991e-539c7ce09f18	ROAD_CLOSED	ROAD_CLOSED_EVENT	Av. Tobalaba	-70.558517	-33.486804	2025-04-29T12:48:12+00:00	Peñalolén	12	1
d25b0188-b144-4a57-87e4-749207ea1183	ROAD_CLOSED	ROAD_CLOSED_EVENT	Salida > El Rosal	-70.763336	-33.492763	2025-01-02T12:48:03+00:00	Maipú	12	3
e674d9de-371d-428b-9f80-08b5a6c1a87c	HAZARD	HAZARD_ON_ROAD_POT_HOLE	Las Naciones	-70.787001	-33.525957	2025-05-31T01:24:41+00:00	Maipú	1	5
e5395c54-5930-43d6-87e5-111ba5f643fe	JAM		Rodrigo de Araya	-70.577763	-33.470241	2025-05-31T02:47:30+00:00	Ñuñoa	2	5
374f2324-619b-4007-bf01-d9912968cf74	HAZARD	HAZARD_ON_ROAD_POT_HOLE	Padre Hurtado	-70.769017	-33.513911	2025-05-31T01:52:48+00:00	Maipú	1	5
263fca89-eebf-4ab9-a557-bb8ddab56271	HAZARD	HAZARD_ON_ROAD_POT_HOLE	Av. Suiza	-70.696995	-33.482698	2025-05-27T11:25:34+00:00	Cerrillos	11	1
442c3e30-a526-4a09-a84d-4262db980f2b	HAZARD	HAZARD_ON_ROAD_POT_HOLE	Lircay	-70.711243	-33.580174	2025-05-30T12:14:50+00:00	San Bernardo	12	4
aed05f1a-2737-4651-8948-15d891f13140	ROAD_CLOSED	ROAD_CLOSED_EVENT	Longitudinal	-70.748497	-33.472527	2025-04-03T14:35:02+00:00	Maipú	14	3
cb35bd1d-9081-4d36-ab16-83ef727830d1	HAZARD	HAZARD_ON_ROAD_POT_HOLE	Av. Los Presidentes	-70.549966	-33.488897	2025-05-26T18:16:46+00:00	Peñalolén	18	0
597a722b-4a0d-493e-b6b2-31210b7dd7bf	HAZARD	HAZARD_ON_ROAD_LANE_CLOSED	Av. Libertador Bernardo O'Higgins	-70.654177	-33.444932	2025-04-22T13:00:00+00:00	Santiago	13	1
680ddf60-ec4b-403d-8640-163d9c490b81	ROAD_CLOSED	ROAD_CLOSED_EVENT	Av. Hugo Bravo	-70.748857	-33.474695	2025-04-18T03:59:40+00:00	Maipú	3	4
9c0a6d6e-a021-49ed-bde1-504ab8cebaa1	HAZARD	HAZARD_ON_ROAD_POT_HOLE	Chorrillos 3	-70.822593	-33.33879	2025-05-29T20:36:00+00:00	Lampa	20	3
ea5b2d71-c9f0-4f5c-873b-c7251ce95681	JAM		Parque O'Higgins	-70.657776	-33.464723	2025-05-31T03:05:39+00:00	Santiago	3	5
93fc2900-307c-426a-8073-77c751b5f05e	ROAD_CLOSED	ROAD_CLOSED_EVENT	Av. Tobalaba	-70.558484	-33.486414	2025-04-29T12:48:12+00:00	Peñalolén	12	1
65150e72-11c1-47fb-af9a-ed561eec206e	ROAD_CLOSED	ROAD_CLOSED_EVENT	Longitudinal	-70.748114	-33.470274	2025-04-03T14:35:02+00:00	Maipú	14	3
52f66b1d-73fb-436f-8b07-f0e912be7df4	ROAD_CLOSED	ROAD_CLOSED_EVENT	Puerto Madero	-70.777215	-33.44786	2025-04-17T15:39:44+00:00	Pudahuel	15	3
3618eeaa-06be-4080-b9b8-17d30d60dcca	POLICE		Av. Libertador Bernardo O'Higgins	-70.687872	-33.453288	2025-05-31T03:04:12+00:00	Estación Central	3	5
6a287517-b8dc-44cd-90f8-4d41d9ae3db1	HAZARD	HAZARD_ON_ROAD_POT_HOLE	Obispo Manuel Umaña	-70.684451	-33.472838	2025-05-27T04:18:55+00:00	Estación Central	4	1
9c359bad-dcb7-4858-b9da-65b90505d8e9	HAZARD	HAZARD_ON_ROAD_POT_HOLE	Nueva 1	-70.683896	-33.487553	2025-05-30T23:48:59+00:00	Pedro Aguirre Cerda	23	4
077ee7d5-c978-487f-8605-30ce980be39a	ROAD_CLOSED	ROAD_CLOSED_EVENT	Vicuña Mackenna	-70.745639	-33.406206	2025-01-06T12:05:32+00:00	Renca	12	0
719d5953-4589-4264-a0fd-4a95582a7a68	POLICE		Toconao	-70.745323	-33.367033	2025-05-31T02:45:47+00:00	Quilicura	2	5
b0ed0f47-5f4c-460f-a9d6-971a1b000baa	HAZARD	HAZARD_ON_ROAD_POT_HOLE	Santo Domingo	-70.704539	-33.441982	2025-05-30T12:19:09+00:00	Quinta Normal	12	4
a0cc3771-98c7-43c1-a487-9f54c379b7fe	HAZARD	HAZARD_ON_ROAD_POT_HOLE	Av. Las Torres	-70.731047	-33.479754	2025-05-31T00:10:55+00:00	Maipú	0	5
c38a9da0-7f98-4c63-a414-cda68d2572f4	ROAD_CLOSED	ROAD_CLOSED_EVENT	Av. Vitacura > Oriente	-70.604637	-33.417704	2025-02-13T19:25:43+00:00	Providencia	19	3
287fbe16-ba4a-428b-9626-83a5456b36b5	HAZARD	HAZARD_ON_ROAD_POT_HOLE	El Roble	-70.731408	-33.313056	2025-05-31T00:14:28+00:00	Lampa	0	5
7086ab75-a299-439c-9345-0b87e01f94f7	ROAD_CLOSED	ROAD_CLOSED_EVENT	Los Aromos	-70.876047	-33.614422	2025-04-15T17:44:42+00:00	Peñaflor	17	1
0a67f2cb-813e-4d35-880c-6cf3e62dfbc7	POLICE		Av. General San Martín	-70.738146	-33.368136	2025-05-31T02:05:34+00:00	Quilicura	2	5
a30bc6c5-2e06-4737-858d-bc4d51a10927	CHIT_CHAT		Rodrigo de Araya	-70.60495	-33.474047	2025-05-31T02:49:29+00:00	Macul	2	5
c216b0e7-a6a3-4ee8-a54e-190206159ddf	ROAD_CLOSED	ROAD_CLOSED_EVENT	Av. Independencia	-70.677101	-33.388947	2024-06-06T13:23:34+00:00	Conchalí	13	3
134cf087-3360-4c24-8c68-f4793a52d0a2	HAZARD	HAZARD_ON_ROAD_POT_HOLE	Martínez de Rozas	-70.684555	-33.434821	2025-05-31T02:41:22+00:00	Quinta Normal	2	5
f33c8a27-825e-4869-9efa-1ec5eb2ae5aa	POLICE		10ª Avenida	-70.66845	-33.510399	2025-05-31T02:40:09+00:00	San Miguel	2	5
8e5c518f-48ea-4fbf-b942-e819f5e1a5d9	CHIT_CHAT		Av. Tobalaba	-70.558245	-33.48237	2025-05-31T02:49:47+00:00	Peñalolén	2	5
90f8528b-8f30-4abc-b038-46aeb9816eee	HAZARD	HAZARD_ON_ROAD_POT_HOLE	Av. Salvador Allende	-70.696958	-33.512521	2025-05-31T02:16:39+00:00	Lo Espejo	2	5
9a26094d-4dd5-483b-8289-8a0004cfbd6c	HAZARD	HAZARD_ON_ROAD_POT_HOLE	Bahía Fitz Roy	-70.602425	-33.57311	2025-05-27T01:01:29+00:00	Puente Alto	1	1
c41e890b-6810-434a-8894-42a8a58185e4	ROAD_CLOSED	ROAD_CLOSED_EVENT	Longitudinal	-70.749383	-33.478863	2025-04-18T04:01:24+00:00	Maipú	4	4
3338d122-8c35-4d8d-a025-6df8f79ebb58	POLICE		Costanera	-70.521494	-33.614652	2025-05-31T02:59:40+00:00	Puente Alto	2	5
7dc21e52-995d-4af7-b63c-2799cea6ea33	HAZARD	HAZARD_ON_ROAD_POT_HOLE	Don Luis	-70.730914	-33.320931	2025-05-30T16:51:40+00:00	Lampa	16	4
3a1ad9d2-d642-4630-80f2-1919358fd1bb	HAZARD	HAZARD_ON_ROAD_POT_HOLE	Arquitecto Héctor Mardones	-70.742341	-33.475026	2025-05-31T00:56:57+00:00	Maipú	0	5
3138137f-66f5-456a-b0b1-5b34a8245d35	HAZARD	HAZARD_ON_ROAD_CONSTRUCTION	Av. Manuel Rodríguez	-70.658082	-33.453469	2025-05-31T03:05:56+00:00	Santiago	3	5
e054e869-1057-48b3-ab78-0012ebf386e4	HAZARD	HAZARD_ON_ROAD_POT_HOLE	Del Rey	-70.770907	-33.518026	2025-05-31T01:51:35+00:00	Maipú	1	5
3bf8cd0c-7da7-4ea6-aec8-be91a6c3cb80	JAM		Av. Tupper	-70.658576	-33.458202	2025-05-31T03:01:34+00:00	Santiago	3	5
031a4e11-0664-41cf-969f-612050f4c017	HAZARD	HAZARD_ON_ROAD_POT_HOLE	Las Naciones	-70.786425	-33.521839	2025-05-31T01:25:53+00:00	Maipú	1	5
a882fc55-8ef8-493e-bb64-1c4be7a1102d	ROAD_CLOSED	ROAD_CLOSED_EVENT	Av. Santa Leonor	-70.807189	-33.562795	2024-11-14T19:06:39+00:00	Padre Hurtado	19	3
a05d0e8c-547a-4ec9-b16c-c421064e858d	HAZARD	HAZARD_ON_ROAD_POT_HOLE	Los Talladores	-70.569113	-33.507844	2025-05-31T00:37:00+00:00	Peñalolén	0	5
bd330d2c-c7d3-467d-bd99-3ab4e122c900	ROAD_CLOSED	ROAD_CLOSED_EVENT	Arturo Burhle	-70.63483	-33.438649	2025-05-05T14:19:52+00:00	Santiago	14	0
73a9372a-b428-49ae-ad36-c636d3be0b9d	JAM		Av. La Paz	-70.651683	-33.430425	2025-05-31T02:41:27+00:00	Independencia	2	5
2139375d-2a46-43bf-9573-6782f051f224	ACCIDENT		Av. Portales	-70.768296	-33.517814	2025-05-31T02:40:35+00:00	Maipú	2	5
5b6f0c4a-4ad6-4d24-aa55-623b31a40341	HAZARD	HAZARD_ON_ROAD_LANE_CLOSED	Av. Libertador Bernardo O'Higgins	-70.66173	-33.446181	2025-04-22T13:00:00+00:00	Santiago	13	1
0f0d145e-fcd4-437d-8cfb-1adfc84413b2	HAZARD	HAZARD_ON_ROAD_POT_HOLE	Santa Corina	-70.728721	-33.470694	2025-05-31T02:14:47+00:00	Estación Central	2	5
add8f68e-eddd-47e0-8e85-abc8a320329c	HAZARD	HAZARD_ON_ROAD_LANE_CLOSED	Av. Libertador Bernardo O'Higgins	-70.66256	-33.446398	2025-04-22T13:00:00+00:00	Santiago	13	1
6b57a461-43b3-4191-b1f3-9ca2bc5e25f7	HAZARD	HAZARD_ON_ROAD_POT_HOLE	Las Zarcillas	-70.584934	-33.511477	2025-05-29T19:12:46+00:00	La Florida	19	3
dffadf98-4e33-44e7-a582-c2aae430e101	ROAD_CLOSED	ROAD_CLOSED_EVENT	Longitudinal	-70.748132	-33.470415	2025-04-03T14:35:02+00:00	Maipú	14	3
0fa9dbd5-39df-4b64-8842-31c3c4da9125	ROAD_CLOSED	ROAD_CLOSED_EVENT	Puerto Madero	-70.781418	-33.450796	2025-04-17T15:40:36+00:00	Pudahuel	15	3
34ff24de-72ad-4d57-b607-775ad5724007	JAM		Av. Américo Vespucio	-70.762823	-33.464334	2025-05-31T02:36:17+00:00	Maipú	2	5
9a39c4cb-6ab4-4276-b28d-368f92e51488	POLICE		Av. Manuel Antonio Matta	-70.64609	-33.458824	2025-05-31T02:47:04+00:00	Santiago	2	5
2bcdd5ff-8445-4c3f-8ae7-af05a2112850	HAZARD	HAZARD_ON_ROAD_POT_HOLE	Galvarino	-70.705402	-33.33316	2025-05-30T19:55:00+00:00	Quilicura	19	4
d8da70b6-9b95-473f-a723-96208309714e	JAM		Vergara	-70.661396	-33.453773	2025-05-31T02:57:53+00:00	Santiago	2	5
56c6a952-de51-4bc4-8faf-75102f27c3f4	HAZARD	HAZARD_ON_ROAD_POT_HOLE	Idumea	-70.736388	-33.480582	2025-05-26T19:08:32+00:00	Maipú	19	0
a8175b9f-4ccd-456f-95ad-cc47b3977136	HAZARD	HAZARD_ON_ROAD_POT_HOLE	Central	-70.583162	-33.503638	2025-05-29T18:29:37+00:00	Peñalolén	18	3
62ed41ea-1b98-4a5a-b941-58df18cfe69d	HAZARD	HAZARD_ON_ROAD_POT_HOLE	Av. Claudio Arrau	-70.743438	-33.45347	2025-05-30T13:45:05+00:00	Pudahuel	13	4
c63978d6-3727-4bf3-9caa-bf6a87ec383d	ROAD_CLOSED	ROAD_CLOSED_EVENT	Salida > San Javier	-70.859475	-33.621131	2025-02-01T00:55:37+00:00	Peñaflor	0	5
f28e58f4-a929-403c-82b2-7b18057223e2	HAZARD	HAZARD_ON_ROAD_POT_HOLE	Av. Presidente Eduardo Frei Montalva	-70.695603	-33.373887	2025-05-31T02:08:54+00:00	Conchalí	2	5
3f099500-e94e-41cb-a507-864038eecd76	JAM	JAM_STAND_STILL_TRAFFIC	Plaza Ercilla	-70.660463	-33.457853	2025-05-31T03:01:09+00:00	Santiago	3	5
71361c51-7644-4024-aefe-b11f84acb6ad	HAZARD	HAZARD_ON_ROAD_POT_HOLE	Sin descripción detallada	-70.552251	-33.544333	2025-05-23T01:24:05+00:00	La Florida	1	4
5a87470b-c5a0-45ed-a51f-548e25149225	HAZARD	HAZARD_ON_ROAD_POT_HOLE	Av. Teniente Luis Cruz Martínez	-70.74062	-33.441221	2025-05-17T04:13:40+00:00	Pudahuel	4	5
9d62537d-6028-4ef8-a4b5-f960b88a5a04	HAZARD	HAZARD_ON_ROAD_POT_HOLE	Cordillera de Los Andes	-70.763978	-33.485394	2025-05-30T17:26:23+00:00	Maipú	17	4
8c111691-b22c-425b-bf0d-076288402732	ROAD_CLOSED	ROAD_CLOSED_EVENT	Negrete	-70.671402	-33.396267	2024-12-17T14:59:07+00:00	Conchalí	14	1
7aa70c5c-e484-4356-8ea6-281d8644589f	HAZARD	HAZARD_ON_ROAD_LANE_CLOSED	Av. Libertador Bernardo O'Higgins	-70.663774	-33.446707	2025-04-22T13:00:00+00:00	Santiago	13	1
d2d047f7-0909-4e0f-9686-7f01b775025c	JAM		San Francisco	-70.647079	-33.445033	2025-05-31T02:21:05+00:00	Santiago	2	5
16930b64-0095-4644-8483-1401f112b65b	HAZARD	HAZARD_ON_ROAD_LANE_CLOSED	Av. Libertador Bernardo O'Higgins	-70.663149	-33.446548	2025-04-22T13:00:00+00:00	Santiago	13	1
9cea8ca6-899e-4f15-ac09-dcfc185c0405	ROAD_CLOSED	ROAD_CLOSED_EVENT	Av. Santa Leonor	-70.809294	-33.560919	2024-11-14T19:06:39+00:00	Padre Hurtado	19	3
7d25162e-37b4-4388-be70-c6d552ddc033	POLICE		Isla Morelos	-70.611443	-33.546214	2025-05-31T03:00:55+00:00	La Granja	3	5
3c3d6a9a-ed2c-4407-a799-b7d27a755bb5	HAZARD	HAZARD_ON_ROAD_POT_HOLE	Ángel Pimentel	-70.566263	-33.588493	2025-05-31T02:24:48+00:00	Puente Alto	2	5
d97d88a3-30bc-4bad-bffd-ddbbb3c356bd	ROAD_CLOSED		Teatinos	-70.654953	-33.441173	2025-05-31T02:36:50+00:00	Santiago	2	5
6ee94ceb-a175-45b2-9e9d-b1c52a753d7a	HAZARD	HAZARD_ON_ROAD_POT_HOLE	Sin descripción detallada	-70.550968	-33.627913	2025-05-31T00:40:00+00:00	Pirque	0	5
d5cdc95a-8161-4dee-942e-b2ee6b25fce6	HAZARD	HAZARD_ON_ROAD_POT_HOLE	Santo Domingo	-70.704475	-33.441981	2025-05-28T12:19:18+00:00	Quinta Normal	12	2
e53aad7f-b362-40ab-8c42-fb67cb4950bc	JAM	JAM_HEAVY_TRAFFIC	Av. Almirante Blanco Encalada	-70.660773	-33.456894	2025-05-31T02:56:33+00:00	Santiago	2	5
f452cab4-0e55-4c8f-9b90-c5714388db98	POLICE		Av. Froilán Lagos Sepúlveda	-70.59527	-33.514136	2025-05-31T02:38:28+00:00	La Florida	2	5
bcc749c3-6f4b-46e2-b856-934a2b5c8860	CHIT_CHAT		La Quilla	-70.576237	-33.461886	2025-05-31T02:47:39+00:00	Ñuñoa	2	5
3ddfb5a1-31d8-4350-ac91-e0b1a9d316ad	ROAD_CLOSED	ROAD_CLOSED_EVENT	Puerto Madero	-70.781418	-33.450796	2025-04-17T15:40:36+00:00	Pudahuel	15	3
2c869d68-5f66-4a2d-869e-5c9fdf38b19d	ROAD_CLOSED	ROAD_CLOSED_EVENT	Los Aromos	-70.876155	-33.614812	2025-04-15T17:44:42+00:00	Peñaflor	17	1
3339cbbd-adb9-410a-bea0-6f3580b64fda	JAM	JAM_HEAVY_TRAFFIC	Av. Américo Vespucio	-70.754956	-33.479692	2025-05-31T02:45:10+00:00	Maipú	2	5
759c3d41-6fe2-460c-9834-b8c08e7c0c44	ROAD_CLOSED	ROAD_CLOSED_EVENT	Av. Claudio Arrau	-70.766651	-33.449006	2025-05-15T14:34:15+00:00	Pudahuel	14	3
a1a81af7-0ac2-47c8-a00f-7c9c5bc2280a	HAZARD	HAZARD_ON_ROAD_POT_HOLE	El Olivar	-70.631843	-33.614995	2025-05-30T13:05:37+00:00	La Pintana	13	4
32d09071-d491-4291-861b-2bdf3737b6fd	HAZARD	HAZARD_ON_ROAD_TRAFFIC_LIGHT_FAULT	Av. Diego de Almagro	-70.584021	-33.435603	2025-05-31T02:45:36+00:00	Providencia	2	5
ccb137e7-fa8e-41db-8219-1d16abb82591	ACCIDENT		Camino El Mariscal	-70.669739	-33.607611	2025-05-31T02:24:45+00:00	San Bernardo	2	5
b884c570-530e-4967-b087-2319e09312f1	ROAD_CLOSED	ROAD_CLOSED_EVENT	Autopista Vespucio Norte	-70.773191	-33.451011	2025-05-31T02:47:29+00:00	Pudahuel	2	5
148eb541-ed0d-44d0-ad04-403dbd41c02c	HAZARD	HAZARD_ON_ROAD_POT_HOLE	Cordillera de Los Andes	-70.765228	-33.486134	2025-05-30T17:25:51+00:00	Maipú	17	4
38c481d5-3025-4942-a748-efcbe83bde2b	JAM	JAM_HEAVY_TRAFFIC	Acceso Autopista Américo Vespucio > Ruta 68 / Las Condes	-70.764094	-33.460662	2025-05-31T02:48:16+00:00	Pudahuel	2	5
8b60b9d9-d88a-4c4a-93d0-5c2d75c4cae6	ROAD_CLOSED	ROAD_CLOSED_EVENT	Av. San Pablo	-70.784164	-33.443729	2025-02-26T19:10:23+00:00	Pudahuel	19	2
48d03e53-732a-418a-9d96-2cee78963b8d	HAZARD	HAZARD_ON_ROAD_POT_HOLE	Av. Diagonal Las Torres	-70.527004	-33.474217	2025-05-31T02:12:37+00:00	Peñalolén	2	5
0b979522-0946-4d59-9098-cc3a87d7856a	HAZARD	HAZARD_ON_ROAD_POT_HOLE	Lincura	-70.774857	-33.488432	2025-05-30T23:24:30+00:00	Maipú	23	4
b9463922-5847-41a7-8292-d9c08e00a730	HAZARD	HAZARD_ON_ROAD_CONSTRUCTION	Av. Gabriela	-70.620149	-33.584463	2025-05-31T02:35:16+00:00	La Pintana	2	5
4ded5b8b-6f3f-4685-9a51-565a84769438	HAZARD	HAZARD_ON_ROAD	Sin descripción detallada	-70.635751	-33.445914	2025-05-31T02:48:38+00:00	Santiago	2	5
ec13db9a-9cda-41ff-be1e-0b49b4a02ffa	HAZARD	HAZARD_ON_ROAD_POT_HOLE	Concordia	-70.785859	-33.514619	2025-05-26T17:03:05+00:00	Maipú	17	0
17390662-e0c1-4ec7-8c1b-8dd5bfe0e4d4	HAZARD	HAZARD_ON_ROAD_POT_HOLE	Av. Diagonal Las Torres	-70.526823	-33.474601	2025-05-31T00:27:42+00:00	Peñalolén	0	5
9a402464-6c61-448e-ae63-5f622730aca0	HAZARD	HAZARD_ON_SHOULDER_CAR_STOPPED	Salida 18 > Aeropuerto	-70.78413	-33.429167	2025-05-31T03:00:15+00:00	Pudahuel	3	5
af7d3a17-335b-46e1-8df1-2eab94f7980c	CHIT_CHAT		Carmen	-70.639656	-33.457276	2025-05-31T02:56:56+00:00	Santiago	2	5
eca2f787-9b39-4b39-a628-8ff07a589e27	HAZARD	HAZARD_ON_ROAD	Sin descripción detallada	-70.594798	-33.463977	2025-05-31T02:56:14+00:00	Ñuñoa	2	5
36b8fe08-236c-4e41-a2ac-2e1cf375bc2f	HAZARD	HAZARD_ON_ROAD_POT_HOLE	Chorrillos 3	-70.821261	-33.350482	2025-05-30T12:33:52+00:00	Lampa	12	4
2f6bfe62-0e90-4483-bc81-676e3ece49ed	ROAD_CLOSED	ROAD_CLOSED_EVENT	Los Aromos	-70.875833	-33.613657	2025-04-15T17:44:42+00:00	Peñaflor	17	1
89184051-222c-4788-90f0-8e024d6fce2c	HAZARD	HAZARD_ON_ROAD	Sin descripción detallada	-70.792942	-33.39985	2025-05-31T02:30:10+00:00	Pudahuel	2	5
8d45f1e8-028e-432d-9048-0689808f271c	ROAD_CLOSED	ROAD_CLOSED_EVENT	Autopista Vespucio Norte	-70.776954	-33.447561	2025-05-30T14:00:09+00:00	Pudahuel	14	4
27d9564c-aa0f-45ae-b057-3d1179df8388	ROAD_CLOSED	ROAD_CLOSED_EVENT	Av. Independencia	-70.671402	-33.396267	2024-06-06T13:26:54+00:00	Conchalí	13	3
567f6dc8-a89d-499a-b5bb-f594be5c4e20	ROAD_CLOSED	ROAD_CLOSED_EVENT	Longitudinal	-70.748545	-33.472782	2025-04-03T14:35:02+00:00	Maipú	14	3
286956b7-4a5a-4a65-94df-cf8f8f7ced9f	HAZARD	HAZARD_ON_SHOULDER_CAR_STOPPED	Av. Presidente José Joaquín Prieto Vial	-70.683562	-33.535209	2025-05-31T02:54:23+00:00	La Cisterna	2	5
08ebc5de-6a3c-4e90-89df-734a8f57ef3a	ROAD_CLOSED	ROAD_CLOSED_EVENT	Longitudinal	-70.748263	-33.471202	2025-04-03T14:35:02+00:00	Maipú	14	3
ae37e029-35e0-41c5-8e3b-fc05c5245cf9	HAZARD	HAZARD_ON_ROAD_POT_HOLE	Los Maitenes	-70.706326	-33.464098	2025-05-31T02:36:40+00:00	Estación Central	2	5
1f133eb0-dba5-4a10-a431-b979cc896ff7	HAZARD	HAZARD_ON_ROAD_POT_HOLE	Casas de Lo Espejo	-70.784467	-33.505333	2025-05-30T22:07:30+00:00	Maipú	22	4
d3a2db89-6321-4ff2-a5aa-f2e62930a721	HAZARD	HAZARD_ON_ROAD_POT_HOLE	Kepler	-70.728194	-33.474017	2025-05-28T23:01:06+00:00	Maipú	23	2
6f18c255-a0cb-4d5c-b1e0-40f6088cd23b	HAZARD	HAZARD_ON_ROAD_POT_HOLE	Ingeniero Pedro Gallo	-70.740426	-33.468919	2025-05-31T02:44:19+00:00	Maipú	2	5
cd8677d1-4413-417a-a1a3-6bb25359bbc1	POLICE		Av. Nueva 1	-70.59392	-33.510021	2025-05-31T02:39:42+00:00	La Florida	2	5
b0347cad-589d-4494-a207-6da3dc5d5a67	JAM		Av. Portales	-70.774175	-33.517998	2025-05-31T02:42:00+00:00	Maipú	2	5
3dfe243a-4fb8-4219-8beb-6ec34cb665f0	HAZARD	HAZARD_ON_ROAD_POT_HOLE	Fernando Rioja	-70.657484	-33.522711	2025-05-31T01:40:28+00:00	La Cisterna	1	5
7fddc8be-0cc6-471e-a908-6518fda2de43	HAZARD	HAZARD_ON_ROAD_POT_HOLE	Obispo Manuel Umaña	-70.684937	-33.452841	2025-05-31T02:07:46+00:00	Estación Central	2	5
8a80150d-93d8-49bc-bd4c-8bdd12a1403c	HAZARD	HAZARD_ON_ROAD_POT_HOLE	Sánchez lateral	-70.693603	-33.58121	2025-05-29T18:29:41+00:00	San Bernardo	18	3
3bff0741-8be0-4189-971a-d729861de908	POLICE		Los Electricistas	-70.575089	-33.508415	2025-05-31T03:01:24+00:00	Peñalolén	3	5
a0613819-6f13-4b62-9898-d6ca7c690857	ROAD_CLOSED	ROAD_CLOSED_EVENT	Av. Hugo Bravo	-70.756898	-33.474138	2025-04-02T12:26:45+00:00	Maipú	12	2
bcccd949-a3ce-4173-bc06-b4fd4d40a0b7	ROAD_CLOSED	ROAD_CLOSED_EVENT	Av. Tobalaba	-70.559145	-33.491486	2025-04-29T12:48:12+00:00	Peñalolén	12	1
0fb6cfb0-94b5-4166-856e-0620ed951689	HAZARD	HAZARD_ON_ROAD_POT_HOLE	Los Alerces	-70.728516	-33.323756	2025-05-30T21:20:22+00:00	Lampa	21	4
01fd7649-f66a-401d-b719-c0a6d2826da6	ROAD_CLOSED	ROAD_CLOSED_EVENT	Aves del Paraíso	-70.748344	-33.471714	2025-04-18T04:05:26+00:00	Maipú	4	4
1d3d97a7-7334-41ec-8933-477056593aa1	HAZARD	HAZARD_ON_ROAD_CONSTRUCTION	Camino Lo Ruiz	-70.693417	-33.384909	2025-05-31T02:21:55+00:00	Renca	2	5
ab6daf4e-3217-4519-bf47-4597e1ff2630	ROAD_CLOSED	ROAD_CLOSED_EVENT	Av. Independencia	-70.670756	-33.396926	2024-06-06T13:21:44+00:00	Conchalí	13	3
7e11e0de-2492-48c5-97af-45005dd79627	HAZARD	HAZARD_ON_ROAD_LANE_CLOSED	Av. Libertador Bernardo O'Higgins	-70.657417	-33.44576	2025-04-22T13:00:00+00:00	Santiago	13	1
aa39d3bd-6086-4e8c-8df0-ae70c1b4be54	ROAD_CLOSED	ROAD_CLOSED_EVENT	Depósito Express Pudahuel	-70.789626	-33.441051	2025-02-26T19:37:35+00:00	Pudahuel	19	2
3bd84d0d-ce0f-4536-b5ee-a410adbbd69d	HAZARD	HAZARD_ON_ROAD_POT_HOLE	Puerto Montt	-70.693222	-33.394063	2025-05-29T11:26:42+00:00	Renca	11	3
22c3d33c-a30a-4e99-b859-1ac3134acb5b	HAZARD	HAZARD_ON_ROAD_POT_HOLE	El Cid	-70.772791	-33.512655	2025-05-30T12:25:03+00:00	Maipú	12	4
05bf6d37-a5df-43c4-8540-4e88e4996799	ROAD_CLOSED	ROAD_CLOSED_EVENT	Los Aromos	-70.876499	-33.616095	2025-04-15T17:44:42+00:00	Peñaflor	17	1
f432b0ec-b878-4c09-990b-4765d48db940	ROAD_CLOSED	ROAD_CLOSED_EVENT	Depósito Express Pudahuel	-70.790036	-33.44138	2025-02-26T19:37:35+00:00	Pudahuel	19	2
a9f81b23-b102-42a4-b20e-b97861358606	HAZARD	HAZARD_ON_SHOULDER_CAR_STOPPED	San Alberto Hurtado	-70.69176	-33.451921	2025-05-31T02:53:04+00:00	Estación Central	2	5
25d2df57-7197-4eb9-ab67-4f705578252d	HAZARD	HAZARD_ON_ROAD_POT_HOLE	Pasaje Roma	-70.571982	-33.573769	2025-05-23T22:45:31+00:00	Puente Alto	22	4
f80eca56-3911-43c4-818e-33f904e3d841	ROAD_CLOSED	ROAD_CLOSED_EVENT	Vicuña Rozas	-70.729253	-33.432296	2025-05-07T22:36:15+00:00	Cerro Navia	22	2
e3dbddbe-a522-4cbe-934a-af16409d97f3	HAZARD	HAZARD_ON_ROAD	Caletera Acceso Sur	-70.612395	-33.574296	2025-05-31T02:33:39+00:00	La Pintana	2	5
7284b47d-4adb-495e-9b1f-aa819bf0855d	HAZARD	HAZARD_ON_SHOULDER_CAR_STOPPED	Acceso Autopista Vespucio Norte	-70.636703	-33.386262	2025-05-31T02:51:35+00:00	Recoleta	2	5
8d5c76da-2c1e-4ed9-84c6-cf2e79de696b	ROAD_CLOSED	ROAD_CLOSED_EVENT	Depósito Express Pudahuel	-70.790116	-33.44144	2025-02-26T19:35:42+00:00	Pudahuel	19	2
c23180b7-3977-4234-b6ed-ad7d91f0be64	ROAD_CLOSED	ROAD_CLOSED_EVENT	Depósito Express Pudahuel	-70.790036	-33.44138	2025-02-26T19:37:35+00:00	Pudahuel	19	2
bbfacbeb-aa62-4700-9d20-5748ad10fc88	JAM		Vista Hermosa	-70.717107	-33.467196	2025-05-31T02:57:50+00:00	Estación Central	2	5
05e4b2a1-1591-4980-a712-5044b6467837	HAZARD	HAZARD_ON_ROAD	Acceso a Autopista Vespucio Sur, Dirección Poniente	-70.592641	-33.514862	2025-05-31T02:36:09+00:00	La Florida	2	5
69540a11-097a-4ed8-b446-e611b1de51d4	HAZARD	HAZARD_ON_ROAD_POT_HOLE	La Estera	-70.729795	-33.325324	2025-05-30T13:11:46+00:00	Lampa	13	4
9167d2df-5a78-408d-b29a-5a563b3cf448	HAZARD	HAZARD_ON_ROAD_POT_HOLE	Las Encinas	-70.736241	-33.322861	2025-05-30T20:34:07+00:00	Lampa	20	4
0f61459b-1fd4-4650-b1af-1721eec94a22	CHIT_CHAT		Sin descripción detallada	-70.571411	-33.44748	2025-05-31T03:01:46+00:00	La Reina	3	5
360c1657-8228-42fa-b70a-9036bbe72231	HAZARD	HAZARD_ON_ROAD_POT_HOLE	Renca	-70.749968	-33.384642	2025-05-30T21:14:06+00:00	Quilicura	21	4
eaa68389-d0d4-440b-b551-49dcc5450cf6	HAZARD	HAZARD_ON_ROAD_POT_HOLE	Av. Colorado	-70.74671	-33.382619	2025-05-29T21:09:58+00:00	Quilicura	21	3
edce487b-c3f3-4b50-8e14-88228742383f	ROAD_CLOSED	ROAD_CLOSED_EVENT	Longitudinal	-70.74845	-33.472275	2025-04-03T14:35:02+00:00	Maipú	14	3
daa76726-02ee-4fbb-8810-530f09acffb1	HAZARD	HAZARD_ON_ROAD_POT_HOLE	Chayavientos	-70.57107	-33.585775	2025-05-30T21:43:00+00:00	Puente Alto	21	4
ea1a0c53-d9c2-4c05-835c-6755ee21efb3	HAZARD	HAZARD_ON_ROAD_POT_HOLE	El Acueducto	-70.54122	-33.485436	2025-05-31T01:19:44+00:00	Peñalolén	1	5
10f2f3e5-f7a6-4aac-b85f-335e29dccaa5	ROAD_CLOSED	ROAD_CLOSED_EVENT	Av. Américo Vespucio	-70.771673	-33.451567	2025-05-31T02:57:52+00:00	Pudahuel	2	5
284a6700-d221-41ba-9279-da29dc40c9e5	HAZARD	HAZARD_ON_ROAD_POT_HOLE	Domingo Bondi	-70.568058	-33.417627	2025-05-29T22:05:23+00:00	Las Condes	22	3
52393523-254d-4eb8-871b-f138f48cfc37	HAZARD	HAZARD_ON_ROAD_POT_HOLE	Av. Arturo Prat	-70.724611	-33.404626	2025-05-31T00:40:46+00:00	Renca	0	5
fb58e620-d1ba-4bfa-a228-f5842761f078	HAZARD	HAZARD_ON_ROAD_POT_HOLE	Fresia	-70.694157	-33.393853	2025-05-31T01:42:12+00:00	Renca	1	5
41794b1a-4e08-4b91-8007-6b7750d3a217	HAZARD	HAZARD_ON_ROAD_POT_HOLE	Av. Calera de Tango	-70.758513	-33.631013	2025-05-21T00:26:39+00:00	Calera de Tango	0	2
747691a6-8244-4455-aa99-13ff27725202	JAM	JAM_HEAVY_TRAFFIC	Av. México	-70.565172	-33.574685	2025-05-31T02:55:53+00:00	Puente Alto	2	5
f6aef44f-0008-403f-b977-37d5826a4d85	JAM		Autopista Central	-70.660439	-33.444592	2025-05-31T03:20:04+00:00	Santiago	3	5
22659466-e3d2-4d6f-a071-e4af4bcad12f	HAZARD	HAZARD_ON_ROAD_POT_HOLE	Padre Vicente Irarrázaval	-70.693035	-33.468497	2025-05-31T03:25:45+00:00	Estación Central	3	5
fb3928a2-402c-42bd-8a33-fd093f5349a8	CHIT_CHAT		Av. Vicuña Mackenna	-70.634579	-33.439484	2025-05-31T03:26:32+00:00	Santiago	3	5
2635cc26-5d04-4825-8286-bf188e31d30e	HAZARD	HAZARD_ON_ROAD_POT_HOLE	Obispo Manuel Umaña	-70.684261	-33.462837	2025-05-31T03:42:04+00:00	Estación Central	3	5
625287d5-45cf-41e3-9b7f-1fc19751be91	ROAD_CLOSED	ROAD_CLOSED_EVENT	Autopista Vespucio Norte	-70.778865	-33.444605	2025-05-31T03:23:12+00:00	Pudahuel	3	5
3d80604f-33d9-436f-9283-eb89dc764ad1	HAZARD	HAZARD_ON_ROAD	Av. San Pablo	-70.768487	-33.442876	2025-05-31T03:25:42+00:00	Pudahuel	3	5
2307c517-f33a-4ed4-9d16-64114c545586	JAM	JAM_STAND_STILL_TRAFFIC	Autopista Central	-70.66023	-33.446122	2025-05-31T03:29:30+00:00	Santiago	3	5
93d0c22d-5b4b-4ec3-b3cb-2ec383b8625a	HAZARD	HAZARD_ON_ROAD	Presidente Wilson	-70.627678	-33.411807	2025-05-31T03:18:07+00:00	Recoleta	3	5
098ccce9-602d-4611-bec7-11af1176e2a8	JAM		Av. Concha y Toro	-70.584301	-33.565485	2025-05-31T03:49:06+00:00	La Florida	3	5
7eec0b62-acc1-45cd-8281-08ef54c52985	CHIT_CHAT		Av. Libertador Bernardo O'Higgins	-70.656816	-33.445036	2025-05-31T03:16:57+00:00	Santiago	3	5
c661da33-046b-48bc-b2c1-3c3e0f23cc04	ROAD_CLOSED	ROAD_CLOSED_EVENT	Gran Avenida José Miguel Carrera	-70.662881	-33.531616	2025-05-31T03:08:17+00:00	La Cisterna	3	5
0e61298c-c857-4105-bfb5-a3ee95444419	JAM	JAM_STAND_STILL_TRAFFIC	Salida 0a-N > Al Centro	-70.660291	-33.444927	2025-05-31T03:27:05+00:00	Santiago	3	5
8b391c7f-6f87-4c7a-9a47-652dd9f82486	HAZARD	HAZARD_ON_SHOULDER_CAR_STOPPED	Av. Del Canal	-70.854567	-33.45445	2025-05-31T03:16:38+00:00	Pudahuel	3	5
d7ce16f3-82ac-4f7b-9342-94659181e618	CHIT_CHAT		Plaza Ercilla	-70.660468	-33.457796	2025-05-31T03:34:45+00:00	Santiago	3	5
21c31902-7e19-481f-aa5e-c20ee8f7bc58	JAM	JAM_STAND_STILL_TRAFFIC	Av. Américo Vespucio	-70.755869	-33.47813	2025-05-31T03:32:07+00:00	Maipú	3	5
49c90108-d3ce-4f3b-9a64-649a39caefc8	HAZARD	HAZARD_ON_ROAD_CONSTRUCTION	Ruta 78	-70.787371	-33.497872	2025-05-31T03:21:11+00:00	Maipú	3	5
858ee42a-09fd-49c5-be1e-598835d8ae9c	JAM	JAM_STAND_STILL_TRAFFIC	Av. Américo Vespucio	-70.761331	-33.468865	2025-05-31T03:38:43+00:00	Maipú	3	5
9e02cdd5-a067-4055-9c23-6d75036957ed	JAM	JAM_STAND_STILL_TRAFFIC	Beauchef	-70.663988	-33.457682	2025-05-31T03:49:10+00:00	Santiago	3	5
4fa1656a-835a-423f-86e9-ab1a93f5508d	HAZARD	HAZARD_ON_ROAD_POT_HOLE	General Amengual	-70.697199	-33.455554	2025-05-31T03:21:06+00:00	Estación Central	3	5
36131277-c25f-4737-9349-70e90a72b981	JAM	JAM_HEAVY_TRAFFIC	Autopista Vespucio Norte	-70.705638	-33.369466	2025-05-31T03:40:58+00:00	Quilicura	3	5
7919f719-54b2-4794-8383-fdbd38d315e6	JAM	JAM_STAND_STILL_TRAFFIC	Av. Vicuña Mackenna	-70.584322	-33.56537	2025-05-31T03:41:36+00:00	La Florida	3	5
0e1853ff-883e-4f24-bb16-01ae71bea15e	CHIT_CHAT		Av. Dorsal	-70.704543	-33.406081	2025-05-31T03:38:22+00:00	Renca	3	5
568c023b-b0be-43a2-9d39-c6abc31db05f	JAM		Av. Italia	-70.62471	-33.447592	2025-05-31T03:47:43+00:00	Providencia	3	5
a2fa5c99-088b-41d2-828f-7b6cc0f58cd5	HAZARD	HAZARD_ON_SHOULDER_CAR_STOPPED	Caletera Acceso Sur	-70.604616	-33.606163	2025-05-31T03:18:59+00:00	Puente Alto	3	5
8a5af521-add4-490d-a5cf-30e3f5653f04	JAM	JAM_STAND_STILL_TRAFFIC	Av. Américo Vespucio	-70.764281	-33.4598	2025-05-31T03:49:47+00:00	Pudahuel	3	5
950f5af0-c641-493c-8810-7a78c344b6e0	HAZARD	HAZARD_ON_ROAD_CONSTRUCTION	Ruta 78	-70.847511	-33.581162	2025-05-31T03:26:17+00:00	Peñaflor	3	5
312ecb02-af76-4198-9bca-197bd5346e33	HAZARD	HAZARD_ON_ROAD_POT_HOLE	Gregorio Olmos	-70.690936	-33.477041	2025-05-31T03:28:39+00:00	Estación Central	3	5
95104e10-cea1-4fb3-a5e5-5a09745d0d20	HAZARD	HAZARD_ON_ROAD	Av. Ecuador	-70.696782	-33.452714	2025-05-31T03:17:28+00:00	Estación Central	3	5
c6ea4576-6361-4bcf-a06a-411072b02513	CHIT_CHAT		Av. Irarrázaval	-70.620972	-33.453595	2025-05-31T03:21:39+00:00	Ñuñoa	3	5
2d7535df-2773-4b4d-83fb-fcc1b54491ff	HAZARD	HAZARD_ON_SHOULDER_CAR_STOPPED	Av. Teniente Luis Cruz Martínez	-70.739437	-33.448437	2025-05-31T03:35:32+00:00	Pudahuel	3	5
b94a2be8-d7e1-472b-9b6e-1dccc3e60137	JAM	JAM_HEAVY_TRAFFIC	Av. Américo Vespucio	-70.778366	-33.447056	2025-05-31T03:42:20+00:00	Pudahuel	3	5
033fa7fd-e9fe-403f-b162-5b16360b7c20	HAZARD	HAZARD_ON_ROAD_OBJECT	Matucana	-70.679178	-33.449043	2025-05-31T03:40:33+00:00	Estación Central	3	5
a26f9320-edbf-48d9-8c0c-492dd6e09893	POLICE		La Habana	-70.692942	-33.509321	2025-05-31T03:43:43+00:00	Lo Espejo	3	5
11414b49-d9ba-420c-826f-64cb5a1c26e8	HAZARD	HAZARD_ON_ROAD	Av. Libertador Bernardo O'Higgins	-70.642324	-33.441477	2025-05-31T03:29:52+00:00	Santiago	3	5
9b7ca6e5-c0c7-4be3-aea7-337b5024527e	ROAD_CLOSED	ROAD_CLOSED_EVENT	Gran Avenida José Miguel Carrera	-70.663709	-33.534664	2025-05-31T03:49:26+00:00	La Cisterna	3	5
e3ccf7ca-9aac-47c6-a4d5-ac270f487fd1	POLICE	POLICE_HIDING	Miguel Claro	-70.620131	-33.432619	2025-05-31T03:29:07+00:00	Providencia	3	5
6c2f0b2d-aa96-4d44-9bad-3409d81996b2	JAM	JAM_STAND_STILL_TRAFFIC	Toesca	-70.660567	-33.453201	2025-05-31T03:14:19+00:00	Santiago	3	5
5bbea1d9-4a0f-4d6b-8b16-160833190656	JAM	JAM_STAND_STILL_TRAFFIC	Av. Américo Vespucio	-70.758005	-33.474612	2025-05-31T03:37:34+00:00	Maipú	3	5
c0890730-952d-489e-9963-aba0f57bf04a	CHIT_CHAT		Pasaje Maceio	-70.640598	-33.506968	2025-05-31T03:29:50+00:00	San Miguel	3	5
15c09678-c0b2-4c8b-b672-ef828b21c9d1	POLICE		Santa Carolina	-70.66507	-33.587368	2025-05-31T03:48:23+00:00	San Bernardo	3	5
47868b21-3812-4590-b141-c809f214457e	CHIT_CHAT		Arica	-70.689111	-33.459061	2025-05-31T03:27:35+00:00	Estación Central	3	5
e12e16bd-8052-4c91-8e83-03d125a19ce3	ACCIDENT		Arturo Prat	-70.648666	-33.452295	2025-05-31T03:29:01+00:00	Santiago	3	5
d345d98b-63b6-4068-9780-af3662b3b688	HAZARD	HAZARD_ON_ROAD_POT_HOLE	Ruta G-16	-70.810827	-33.343152	2025-05-31T03:21:36+00:00	Lampa	3	5
590b99c2-4d13-4c6f-9818-a04fe2fc6400	HAZARD	HAZARD_ON_SHOULDER_CAR_STOPPED	Av. Domingo Tocornal	-70.569285	-33.60192	2025-05-31T03:40:46+00:00	Puente Alto	3	5
22648cde-04b0-44ec-a94b-12ecea0924a1	HAZARD	HAZARD_ON_SHOULDER_CAR_STOPPED	Ruta 78	-70.786339	-33.497647	2025-05-31T03:43:05+00:00	Maipú	3	5
3499c503-9a06-40c5-b37c-9281727648a2	JAM	JAM_STAND_STILL_TRAFFIC	Av. Américo Vespucio	-70.757674	-33.475144	2025-05-31T03:37:00+00:00	Maipú	3	5
cc4e18d7-560c-40c2-8c61-264332744b67	HAZARD	HAZARD_ON_SHOULDER_CAR_STOPPED	Av. Pdte. Jorge Alessandri Rodríguez	-70.715179	-33.586717	2025-05-31T03:30:21+00:00	San Bernardo	3	5
e3b0f0a8-82f1-467f-985e-405a4ff3f43b	HAZARD	HAZARD_ON_ROAD_POT_HOLE	Padre Vicente Irarrázaval	-70.692867	-33.471518	2025-05-31T03:26:25+00:00	Estación Central	3	5
23749b91-3c34-400e-97bb-d4f2c3b490ab	HAZARD	HAZARD_ON_ROAD_POT_HOLE	Mapocho	-70.715169	-33.426343	2025-05-31T03:32:26+00:00	Quinta Normal	3	5
137140e6-6d7e-46cd-b961-a00a86fe72a9	JAM	JAM_STAND_STILL_TRAFFIC	Autopista Central - Eje Gral. Velásquez	-70.691492	-33.425001	2025-06-02T21:53:40+00:00	Quinta Normal	21	0
5708c450-0e38-49d5-a49e-d9146e4efbdf	JAM	JAM_HEAVY_TRAFFIC	Las Codornices	-70.593561	-33.505419	2025-06-02T22:07:10+00:00	Macul	22	0
6fd9dc34-023b-42aa-a79e-716d15a3c88d	HAZARD	HAZARD_ON_ROAD_CONSTRUCTION	Av. Grecia	-70.55682	-33.473199	2025-06-02T21:35:53+00:00	Peñalolén	21	0
67382609-c971-45e5-b103-1fc165bb1664	HAZARD	HAZARD_ON_ROAD	Ruta 5 Norte	-70.703472	-33.359313	2025-06-02T22:08:40+00:00	Quilicura	22	0
e6400616-8c2d-42ea-91d8-27a022d847ae	JAM	JAM_HEAVY_TRAFFIC	Autopista Central - Eje Gral. Velásquez	-70.690769	-33.420893	2025-06-02T21:54:13+00:00	Quinta Normal	21	0
df1c959c-174e-41a5-9db0-334d8dbcd970	POLICE		Av. 5 de Abril	-70.701985	-33.463684	2025-06-02T22:10:43+00:00	Estación Central	22	0
47148561-caeb-45ca-9b89-f71be803c7ac	JAM	JAM_STAND_STILL_TRAFFIC	Providencia	-70.744318	-33.482444	2025-06-02T21:49:31+00:00	Maipú	21	0
e347c610-eb85-44bb-9bf0-348cee846df7	JAM	JAM_HEAVY_TRAFFIC	Av. Tobalaba	-70.584582	-33.43213	2025-06-02T21:59:10+00:00	Providencia	21	0
d0a44f0c-7ab5-4be8-889c-5e9f3503905f	JAM	JAM_STAND_STILL_TRAFFIC	Autopista Vespucio Norte	-70.783615	-33.425606	2025-06-02T21:57:35+00:00	Pudahuel	21	0
dcbf593a-32f4-4405-94cd-20aa8fa7e82a	HAZARD	HAZARD_ON_SHOULDER_CAR_STOPPED	Av. Américo Vespucio	-70.749222	-33.490847	2025-06-02T22:07:29+00:00	Maipú	22	0
1f2b9a0e-8987-4714-9104-ac9b972895e5	HAZARD	HAZARD_ON_ROAD_POT_HOLE	Lo Cruzat	-70.720765	-33.356189	2025-06-02T21:34:31+00:00	Quilicura	21	0
1e048aba-de65-4417-a870-2717ecd55226	ROAD_CLOSED	ROAD_CLOSED_EVENT	Los Conquistadores / Túnel San Cristóbal	-70.602757	-33.408268	2025-06-02T21:46:32+00:00	Vitacura	21	0
56d0b58b-7885-4d83-a679-f6dd880ac11f	JAM	JAM_HEAVY_TRAFFIC	Av. La Dehesa	-70.52148	-33.342833	2025-06-02T22:05:53+00:00	Lo Barnechea	22	0
1ff5f3de-3aa1-4842-962c-148cdadda256	JAM	JAM_HEAVY_TRAFFIC	Santa Elena de Huechuraba	-70.661096	-33.369404	2025-06-02T21:47:58+00:00	Huechuraba	21	0
dea81233-e93a-47a1-8624-c94c2c8f181d	JAM	JAM_HEAVY_TRAFFIC	Av. Pocuro	-70.603986	-33.435209	2025-06-02T21:52:45+00:00	Providencia	21	0
5c9aa13f-b6dc-48d6-b105-97f23252f20d	JAM	JAM_STAND_STILL_TRAFFIC	Alberto Llona	-70.755507	-33.523456	2025-06-02T21:54:04+00:00	Maipú	21	0
660869d7-3fd0-4b19-9804-a5de70767756	HAZARD	HAZARD_ON_SHOULDER_CAR_STOPPED	Salida > Vía Local / Rotonda Grecia	-70.575411	-33.466526	2025-06-02T21:55:57+00:00	Ñuñoa	21	0
387becb0-7389-4c88-8a28-aebac2aaa469	JAM	JAM_STAND_STILL_TRAFFIC	Carlos Antúnez	-70.604809	-33.427413	2025-06-02T22:09:44+00:00	Providencia	22	0
e202f8ed-410e-4e7e-af46-9c79ef6dac3b	JAM	JAM_HEAVY_TRAFFIC	Autopista Vespucio Norte	-70.772658	-33.451665	2025-06-02T21:57:09+00:00	Pudahuel	21	0
57c46183-5d4a-4acd-bb81-37d27950a4a3	JAM	JAM_STAND_STILL_TRAFFIC	Costanera Sur	-70.604451	-33.408338	2025-06-02T21:50:01+00:00	Vitacura	21	0
51fea930-77c1-4488-a471-d018882bba79	JAM	JAM_HEAVY_TRAFFIC	Av. Pdte. Jorge Alessandri Rodríguez	-70.714764	-33.585515	2025-06-02T22:04:48+00:00	San Bernardo	22	0
db231d28-d2f4-45f4-a95d-7891304e91df	JAM	JAM_HEAVY_TRAFFIC	Ruta G-30 / Camino a Lonquén	-70.731879	-33.530558	2025-06-02T21:40:54+00:00	Maipú	21	0
1b9c5f33-57aa-4ef1-8142-f1a77929cefd	HAZARD	HAZARD_ON_ROAD_CONSTRUCTION	Sin descripción detallada	-70.537939	-33.376612	2025-06-02T22:06:55+00:00	Vitacura	22	0
1a97d750-2b57-4d3d-9374-e747a0baca40	CHIT_CHAT		Av. Departamental	-70.640506	-33.50685	2025-06-02T22:05:49+00:00	San Miguel	22	0
3a8f73f9-995f-4857-ad7b-d8e7de2e4188	JAM	JAM_HEAVY_TRAFFIC	Exequiel Fernández	-70.599712	-33.456547	2025-06-02T22:03:55+00:00	Ñuñoa	22	0
44eb15fe-4a05-4e76-9896-397acc5109b4	HAZARD	HAZARD_ON_SHOULDER_CAR_STOPPED	El Radal	-70.5186	-33.365112	2025-06-02T22:07:21+00:00	Lo Barnechea	22	0
c2b5c09b-9c51-4e45-9dfa-4b5603261c57	POLICE		Los Agricultores	-70.770525	-33.476357	2025-06-02T22:09:22+00:00	Maipú	22	0
8446a107-ee3a-4fa7-b8a0-6cce7ffb31be	JAM	JAM_HEAVY_TRAFFIC	Av. Apoquindo	-70.572733	-33.410382	2025-06-02T21:49:04+00:00	Las Condes	21	0
cbc7b8e1-615d-4499-9ed1-52c993409d5a	JAM	JAM_HEAVY_TRAFFIC	Av. Fermín Vivaceta	-70.672877	-33.39826	2025-06-02T21:56:00+00:00	Conchalí	21	0
d7cfdf8d-e1ba-44ff-8d0a-0da991511da4	HAZARD	HAZARD_ON_ROAD_POT_HOLE	La Estera	-70.729297	-33.325919	2025-06-02T21:40:05+00:00	Lampa	21	0
c41eb7ae-6777-49a2-b349-fb51ea791b5a	JAM	JAM_STAND_STILL_TRAFFIC	Santa Lucía	-70.643841	-33.438724	2025-06-02T21:58:56+00:00	Santiago	21	0
4a21f519-3337-413c-abff-bc7c3da193df	HAZARD	HAZARD_ON_ROAD_POT_HOLE	Sin descripción detallada	-70.850865	-33.547348	2025-06-02T12:01:01+00:00	Padre Hurtado	12	0
bc456d0d-3a95-4c09-b5dc-0ebc60aa5ce3	HAZARD	HAZARD_ON_ROAD_POT_HOLE	Los Alerces	-70.582143	-33.507139	2025-06-02T00:07:27+00:00	Peñalolén	0	0
9f088b45-1880-4c93-a808-1825b5df375a	JAM	JAM_HEAVY_TRAFFIC	Gran Vía	-70.550236	-33.36707	2025-06-02T22:08:46+00:00	Vitacura	22	0
5cb5b11f-8b06-4d66-bd19-e69e3687b19d	JAM		Av. Suecia	-70.600677	-33.447678	2025-06-02T22:11:00+00:00	Ñuñoa	22	0
4cea9a86-ad4a-479a-8fdf-c53f9a5956c1	JAM	JAM_STAND_STILL_TRAFFIC	Mariano Sánchez Fontecilla	-70.554614	-33.474196	2025-06-02T22:06:48+00:00	Peñalolén	22	0
f0c30aa6-48d2-4b95-abbc-803800fe7d47	JAM	JAM_HEAVY_TRAFFIC	Av. Las Industrias	-70.629748	-33.488509	2025-06-02T21:45:19+00:00	San Joaquín	21	0
3be200b0-1aee-4607-8533-cc7507e73b95	CHIT_CHAT		Retorno al Poniente	-70.704787	-33.464655	2025-06-02T22:01:18+00:00	Estación Central	22	0
ba749abb-4089-4ff0-baf7-62f70b94b0a3	JAM		Av. Troncal San Francisco	-70.579605	-33.57573	2025-06-02T22:08:50+00:00	Puente Alto	22	0
398acfeb-7615-41de-95d5-fda67986b976	HAZARD	HAZARD_ON_ROAD	Av. Presidente Eduardo Frei Montalva	-70.676936	-33.419758	2025-06-02T21:58:57+00:00	Independencia	21	0
ef0c7f9e-60f7-4ab8-b2ca-2a76996ad4fb	JAM	JAM_HEAVY_TRAFFIC	Av. José Pedro Alessandri	-70.597938	-33.459381	2025-06-02T21:43:08+00:00	Ñuñoa	21	0
e3825513-d06e-4612-9c28-95d0242f8420	HAZARD	HAZARD_ON_SHOULDER_CAR_STOPPED	Av. Diego de Almagro	-70.600766	-33.442487	2025-06-02T21:47:43+00:00	Providencia	21	0
38ebdbb8-ef6a-4d12-b4ba-62588433cb7c	JAM	JAM_HEAVY_TRAFFIC	Av. Américo Vespucio	-70.593776	-33.516084	2025-06-02T21:46:16+00:00	La Florida	21	0
a9a54cd0-32e5-466f-862e-4ec148a893ef	JAM	JAM_HEAVY_TRAFFIC	Presidente José Batlle y Ordóñez	-70.584089	-33.452182	2025-06-02T21:34:07+00:00	Ñuñoa	21	0
8df54397-7f4d-4b4f-b90b-ad7bbc7a533f	JAM	JAM_HEAVY_TRAFFIC	Av. Clotario Blest	-70.683943	-33.508322	2025-06-02T22:06:53+00:00	Lo Espejo	22	0
5282df81-c810-49f5-90df-8dcf588bda9e	HAZARD	HAZARD_ON_ROAD_POT_HOLE	San Luis de Macul	-70.574692	-33.506753	2025-06-02T20:59:06+00:00	Peñalolén	20	0
55ab3412-a8ac-431d-9b3f-8a8a69fd0c07	JAM	JAM_HEAVY_TRAFFIC	Lo Fontecilla	-70.529138	-33.384748	2025-06-02T21:59:45+00:00	Las Condes	21	0
926b9e46-4c68-436c-b9a1-e1516e33818c	ROAD_CLOSED	ROAD_CLOSED_EVENT	Av. Américo Vespucio	-70.782969	-33.421396	2025-06-02T21:29:45+00:00	Pudahuel	21	0
fd8ce735-596f-4c51-9fe4-3ebf7c4542b1	JAM	JAM_STAND_STILL_TRAFFIC	Av. Claudio Arrau	-70.738048	-33.454434	2025-06-02T22:10:30+00:00	Pudahuel	22	0
360e4970-d752-46e1-97fc-5165993d3632	HAZARD	HAZARD_ON_ROAD_OBJECT	Av. El Salto	-70.624414	-33.392839	2025-06-02T22:01:58+00:00	Huechuraba	22	0
3f562254-dd1d-4915-8495-229a8c9a6c12	JAM	JAM_STAND_STILL_TRAFFIC	Av. Einstein	-70.644444	-33.405538	2025-06-02T21:46:49+00:00	Recoleta	21	0
d96b740f-e36b-4933-8372-565cb008bfc2	JAM	JAM_STAND_STILL_TRAFFIC	Autopista Central	-70.670437	-33.425936	2025-06-02T21:58:35+00:00	Independencia	21	0
316226dd-3caf-411c-8b2f-e313ddf27518	JAM	JAM_HEAVY_TRAFFIC	Av. Trinidad	-70.577926	-33.547421	2025-06-02T22:03:28+00:00	La Florida	22	0
134a7564-985d-46e9-b8a4-8e9d890888c2	POLICE		Sin descripción detallada	-70.836238	-33.422047	2025-06-02T21:55:47+00:00	Pudahuel	21	0
f8a1bcc8-0357-4ac1-8cfb-c0e3e99047b8	JAM	JAM_STAND_STILL_TRAFFIC	Av. Vicuña Mackenna	-70.588697	-33.545217	2025-06-02T21:44:38+00:00	La Florida	21	0
b6e3cfc7-73ae-4c8c-8add-e0312c147dbf	HAZARD	HAZARD_ON_ROAD_POT_HOLE	Anique	-70.775544	-33.489981	2025-06-01T22:42:26+00:00	Maipú	22	6
659abd5b-b848-4261-93aa-23e84ba884b0	HAZARD	HAZARD_ON_ROAD_POT_HOLE	Arica	-70.686958	-33.459052	2025-06-02T21:39:06+00:00	Estación Central	21	0
766756c6-ff88-48fe-90b0-77e124f42501	HAZARD	HAZARD_ON_ROAD_POT_HOLE	Av. Juan de la Fuente	-70.72725	-33.325391	2025-06-02T10:55:14+00:00	Lampa	10	0
d3445513-8140-493a-a9f7-9800b8f846ff	HAZARD	HAZARD_ON_ROAD_CONSTRUCTION	Autopista Vespucio Norte	-70.77368	-33.450587	2025-06-02T21:30:04+00:00	Pudahuel	21	0
15ae104f-32eb-4c66-b10d-05d579bd2079	HAZARD	HAZARD_ON_ROAD_POT_HOLE	Av. Cardenal José María Caro	-70.688087	-33.374048	2025-06-02T22:05:26+00:00	Conchalí	22	0
52d78925-fcf9-418c-bf67-b7e97d46a7c8	JAM	JAM_STAND_STILL_TRAFFIC	Ruta 68	-70.776421	-33.44632	2025-06-02T21:59:17+00:00	Pudahuel	21	0
b1539a95-9036-495f-90d7-664d5bf5f9a1	HAZARD	HAZARD_ON_SHOULDER_CAR_STOPPED	Salida 13 > La Concepción	-70.619622	-33.422459	2025-06-02T21:59:24+00:00	Providencia	21	0
53210244-2ce2-46b0-8425-27cb7fa0a27b	JAM	JAM_HEAVY_TRAFFIC	Autopista Central	-70.660006	-33.440585	2025-06-02T21:31:35+00:00	Santiago	21	0
76741d49-3bba-42b6-97a6-0ab19bfe4d87	JAM		Av. Santa María	-70.610952	-33.418391	2025-06-02T21:52:16+00:00	Providencia	21	0
802f9326-cb46-466f-a5a4-075ac417b39f	HAZARD	HAZARD_ON_ROAD_POT_HOLE	Alcalde Guzmán	-70.706007	-33.372695	2025-06-02T15:29:01+00:00	Quilicura	15	0
91fe112a-8d11-4f78-b18d-af47ac94822a	JAM	JAM_STAND_STILL_TRAFFIC	Av. Gabriela Poniente	-70.593679	-33.580937	2025-06-02T21:47:01+00:00	Puente Alto	21	0
af1cb0e8-1ad6-41ac-ad54-1fd2be5d76d8	JAM		Morandé	-70.654046	-33.437446	2025-06-02T21:49:53+00:00	Santiago	21	0
22312cf7-211c-4f87-95b0-b131d30dcd78	JAM	JAM_HEAVY_TRAFFIC	Autopista Central	-70.684118	-33.399116	2025-06-02T22:09:51+00:00	Conchalí	22	0
93e493ad-2715-45b5-94e9-3451f8bd24dd	JAM	JAM_HEAVY_TRAFFIC	Froilán Roa	-70.59846	-33.515673	2025-06-02T21:47:26+00:00	La Florida	21	0
983559d5-3eb8-4932-ac86-deda4051dec3	JAM	JAM_HEAVY_TRAFFIC	Av. José Manuel Balmaceda	-70.722838	-33.401801	2025-06-02T22:01:18+00:00	Renca	22	0
616afe18-513c-4674-98d4-56f193ac12c0	JAM	JAM_STAND_STILL_TRAFFIC	Autopista Central - Eje Gral. Velásquez	-70.693492	-33.409934	2025-06-02T22:10:53+00:00	Renca	22	0
3f391fd7-92a0-4765-9286-35898e4fff63	HAZARD	HAZARD_ON_ROAD_CONSTRUCTION	Manuel Aldunate	-70.561726	-33.420222	2025-06-02T12:00:00+00:00	Las Condes	12	0
0c9cad8c-0b56-44c4-9f3f-f79132e82681	JAM	JAM_HEAVY_TRAFFIC	Autopista Central	-70.694118	-33.379598	2025-06-02T21:19:49+00:00	Conchalí	21	0
c104042a-0440-492c-a70d-5d23076baf7e	JAM	JAM_HEAVY_TRAFFIC	Av. Américo Vespucio	-70.573539	-33.461877	2025-06-02T21:59:00+00:00	Ñuñoa	21	0
892a0691-03a3-4cba-9320-47d7d3e26e20	JAM	JAM_STAND_STILL_TRAFFIC	Encomenderos	-70.603205	-33.41639	2025-06-02T21:47:21+00:00	Las Condes	21	0
90063d24-c9d3-463e-b403-cd36a58603d3	JAM	JAM_HEAVY_TRAFFIC	Camino San Francisco de Asís	-70.517165	-33.37341	2025-06-02T22:01:58+00:00	Las Condes	22	0
280bba1d-7979-4e71-99fd-5da778d4973e	HAZARD	HAZARD_ON_ROAD_CONSTRUCTION	Av. Maipú	-70.757723	-33.506981	2025-06-02T21:54:45+00:00	Maipú	21	0
4683a736-1dba-4cf2-9306-144076f927d6	JAM	JAM_STAND_STILL_TRAFFIC	Av. Brasil	-70.664745	-33.446212	2025-06-02T22:05:39+00:00	Santiago	22	0
99124841-e8fe-4ee0-bf71-666962f9c74e	POLICE		Camino San Pedro	-70.77432	-33.452326	2025-06-02T22:04:09+00:00	Pudahuel	22	0
47682eb8-d013-4e50-b78f-0970a87494a0	JAM	JAM_STAND_STILL_TRAFFIC	Av. Presidente Eduardo Frei Montalva	-70.714885	-33.334564	2025-06-02T22:11:51+00:00	Quilicura	22	0
431dd3fa-1559-4f05-a44a-0cfc5b3e3e94	JAM	JAM_STAND_STILL_TRAFFIC	Paso inferior Av. Las Torres	-70.585997	-33.500489	2025-06-02T21:58:08+00:00	Peñalolén	21	0
45b828ac-5cba-45d4-b521-28bd9cf9fb58	POLICE		Bueras	-70.763514	-33.49626	2025-06-02T22:08:15+00:00	Maipú	22	0
eeb5336b-ffc9-449c-9527-9fc9c027cac7	HAZARD	HAZARD_ON_SHOULDER_CAR_STOPPED	Av. Presidente José Joaquín Prieto Vial	-70.679491	-33.528674	2025-06-02T22:08:46+00:00	La Cisterna	22	0
f585d59c-7d30-40a8-8c00-8fd687c54dac	HAZARD	HAZARD_ON_ROAD	Coronel Pantoja	-70.659265	-33.449091	2025-06-02T22:07:37+00:00	Santiago	22	0
b663e57e-1711-4493-91b4-0e09d4090654	CHIT_CHAT		Av. María Rozas Velásquez	-70.705854	-33.455751	2025-06-02T21:51:29+00:00	Lo Prado	21	0
210ff2b8-f9b7-4d82-80ef-7c604123b3ba	ROAD_CLOSED	ROAD_CLOSED_EVENT	Iquique	-70.686413	-33.464217	2025-05-31T23:02:15+00:00	Estación Central	23	5
6e4b9247-51c7-4377-8e95-fd5ce11e43c5	JAM		Los Jazmines	-70.70567	-33.461658	2025-06-02T21:46:59+00:00	Estación Central	21	0
f2b32de7-c02a-4e0f-86bf-7cf95af44195	JAM	JAM_HEAVY_TRAFFIC	José Manuel Infante	-70.621835	-33.437967	2025-06-02T21:34:39+00:00	Providencia	21	0
d60bcd08-2b99-4fe9-9113-412c1a6064e5	HAZARD	HAZARD_ON_ROAD_POT_HOLE	Las Cañas	-70.673934	-33.411797	2025-06-02T21:31:32+00:00	Independencia	21	0
71047ec8-79c5-4e5f-8123-2c19c7f1cc6f	JAM	JAM_HEAVY_TRAFFIC	Madreselvas	-70.581196	-33.486435	2025-06-02T22:06:38+00:00	Macul	22	0
e1646955-575e-4fc3-ae4f-a07adb8fac4e	JAM	JAM_HEAVY_TRAFFIC	Riva Riva	-70.773536	-33.435943	2025-06-02T22:11:36+00:00	Pudahuel	22	0
69ef3e2e-0783-4ad1-a499-d0a38328b750	JAM	JAM_STAND_STILL_TRAFFIC	Manuel Montt	-70.618901	-33.43096	2025-06-02T22:11:22+00:00	Providencia	22	0
96ee6cf4-a555-43a4-ad66-e959ccfa87c1	JAM	JAM_HEAVY_TRAFFIC	Av. Suecia	-70.604157	-33.431672	2025-06-02T22:06:18+00:00	Providencia	22	0
cd58a29f-3523-4c9a-9d87-c329648f8f83	JAM	JAM_HEAVY_TRAFFIC	Av. Libertador Bernardo O'Higgins	-70.729213	-33.3552	2025-06-02T21:48:59+00:00	Quilicura	21	0
8c497ad3-5234-4601-9f65-5e4a041d059c	JAM	JAM_HEAVY_TRAFFIC	Av. Américo Vespucio	-70.594731	-33.517299	2025-06-02T21:49:42+00:00	La Florida	21	0
6fa914d8-048b-4d1e-8bdb-7459f53a5b6c	JAM	JAM_HEAVY_TRAFFIC	Av. José Pedro Alessandri	-70.597827	-33.457495	2025-06-02T21:49:29+00:00	Ñuñoa	21	0
6391fb12-b8ff-4c4e-92f6-ee29d93e1f55	JAM	JAM_HEAVY_TRAFFIC	Autopista Central	-70.656332	-33.479416	2025-06-02T21:37:32+00:00	San Miguel	21	0
38a00806-dbcc-4ad5-aadc-4e6c7b789361	JAM	JAM_STAND_STILL_TRAFFIC	Av. Gabriela Poniente	-70.598775	-33.581637	2025-06-02T21:45:03+00:00	Puente Alto	21	0
d0493838-a7f9-45af-b436-fc5f5e195a3e	JAM	JAM_STAND_STILL_TRAFFIC	Av. Pedro de Valdivia	-70.610302	-33.42908	2025-06-02T22:11:58+00:00	Providencia	22	0
54a18976-8993-4205-a4e0-6eff2ad683c9	POLICE		Av. Dorsal	-70.668197	-33.397368	2025-06-02T19:54:57+00:00	Conchalí	19	0
369f3c97-70d1-4da3-9c18-a130c51f49b3	HAZARD	HAZARD_ON_ROAD_POT_HOLE	La Verbena	-70.582626	-33.437772	2025-06-02T21:49:35+00:00	Ñuñoa	21	0
75be0501-6611-45c3-9d0d-1c2194ec91b6	HAZARD	HAZARD_ON_ROAD_POT_HOLE	La Galaxia	-70.794509	-33.5105	2025-06-02T20:59:57+00:00	Maipú	20	0
f79d3b7b-590c-4354-a2c1-35f2bf1e9c8d	POLICE		El Manzano	-70.807723	-33.568996	2025-06-02T22:08:33+00:00	Padre Hurtado	22	0
97483f22-4c3f-4be1-ab3c-dd2cba9f5528	JAM	JAM_HEAVY_TRAFFIC	General Mackenna	-70.654743	-33.433166	2025-06-02T21:57:05+00:00	Santiago	21	0
7a338408-791c-4d8c-8999-21efdbcb246b	JAM	JAM_HEAVY_TRAFFIC	Mariano Sánchez Fontecilla	-70.554812	-33.474646	2025-06-02T22:05:59+00:00	Peñalolén	22	0
298d0e35-34a7-415f-a110-21612c5131a5	JAM	JAM_HEAVY_TRAFFIC	Av. 5 de Abril	-70.745802	-33.510212	2025-06-02T21:55:28+00:00	Maipú	21	0
50da9688-bc87-42d0-abcd-15d86f115dfb	HAZARD	HAZARD_ON_SHOULDER_CAR_STOPPED	Caletera Acceso Sur	-70.606331	-33.598192	2025-06-02T22:11:50+00:00	Puente Alto	22	0
cd7db404-b7c1-4041-90f4-fc520430114b	JAM	JAM_HEAVY_TRAFFIC	Del Inca	-70.58063	-33.417459	2025-06-02T22:08:26+00:00	Las Condes	22	0
3cebdf08-db16-49b3-9e99-2879ce9e791d	ACCIDENT		Texas	-70.559698	-33.390394	2025-06-02T22:08:44+00:00	Vitacura	22	0
8c581d4f-709a-46f6-aefb-4b8cb53e0e35	JAM	JAM_HEAVY_TRAFFIC	El Acueducto	-70.54364	-33.489402	2025-06-02T22:07:50+00:00	Peñalolén	22	0
815a246a-94c4-491c-8d04-5c21dca3acca	JAM	JAM_HEAVY_TRAFFIC	Av. Alonso de Córdova	-70.574214	-33.406813	2025-06-02T22:03:56+00:00	Las Condes	22	0
587b2df9-798f-44b3-babf-1d16ddb45198	JAM	JAM_HEAVY_TRAFFIC	Arica	-70.68526	-33.459028	2025-06-02T21:59:14+00:00	Estación Central	21	0
396fc4fb-ca97-4c23-ac9f-04e5b4dff93f	POLICE		San José	-70.700179	-33.597133	2025-06-02T21:56:06+00:00	San Bernardo	21	0
399e6ab4-ffc8-41d4-a63d-d3c676c69fe3	JAM	JAM_STAND_STILL_TRAFFIC	Av. Isabel Riquelme	-70.652487	-33.476931	2025-06-02T21:39:59+00:00	San Miguel	21	0
77a2e874-f58a-47cf-a475-bbfc8327e0b3	JAM	JAM_STAND_STILL_TRAFFIC	Av. Las Industrias	-70.623947	-33.517583	2025-06-02T22:08:36+00:00	La Granja	22	0
73901e94-bcc6-41b6-94cf-c4e3b85ecdb3	JAM		Av. San Francisco	-70.740453	-33.436354	2025-06-02T22:07:02+00:00	Cerro Navia	22	0
72a421cf-9f9f-44ef-933a-8fc99201a634	JAM		Av. Ossa	-70.571267	-33.449256	2025-06-02T21:55:52+00:00	La Reina	21	0
a2dee8ea-57af-4fc1-82d3-cb00cb8eedf3	POLICE	POLICE_HIDING	Narciso Goycolea	-70.599245	-33.398141	2025-06-02T21:36:44+00:00	Vitacura	21	0
fa53a138-ddb3-485b-9faa-102b4539c43f	JAM	JAM_STAND_STILL_TRAFFIC	Av. Quilín	-70.557836	-33.499235	2025-06-02T22:09:21+00:00	Peñalolén	22	0
c88a21aa-1990-47bb-b371-c6d6a9058cde	JAM	JAM_STAND_STILL_TRAFFIC	Av. El Descanso	-70.760134	-33.469496	2025-06-02T22:07:06+00:00	Maipú	22	0
f3ad639c-4ce9-4227-b164-23bb0761556c	HAZARD	HAZARD_ON_ROAD_POT_HOLE	El Inquilino	-70.571391	-33.569739	2025-06-02T13:51:10+00:00	Puente Alto	13	0
6c8ffd4f-0508-4bb4-9843-ffb309c86f51	CHIT_CHAT		Av. Eliodoro Yáñez	-70.614441	-33.432488	2025-06-02T22:01:37+00:00	Providencia	22	0
f20c3a0f-be0a-4524-a82d-68c7adeea9ba	HAZARD	HAZARD_ON_ROAD_CONSTRUCTION	General San Martín	-70.709023	-33.316637	2025-06-02T19:21:12+00:00	Colina	19	0
4164d259-dfc0-4173-8f89-dce11697d647	POLICE		Av. Américo Vespucio	-70.637268	-33.541783	2025-06-02T22:07:48+00:00	San Ramón	22	0
e6a29f13-1bd1-469e-8b76-03bb8e74d53d	HAZARD	HAZARD_ON_ROAD_POT_HOLE	Av. Diagonal Las Torres	-70.525517	-33.477297	2025-06-02T20:52:27+00:00	Peñalolén	20	0
a73981e2-6d34-4211-a7c4-478c485bf682	JAM		Nueva Imperial	-70.706788	-33.445993	2025-06-02T21:51:06+00:00	Quinta Normal	21	0
782fb1c7-2870-47f6-b9ce-77fa0e338fd3	HAZARD	HAZARD_ON_SHOULDER_CAR_STOPPED	Ruta 78	-70.768186	-33.493662	2025-06-02T22:02:02+00:00	Maipú	22	0
0f89c428-7d02-4675-8254-c5a69cb51aa6	JAM	JAM_HEAVY_TRAFFIC	Av. Suiza	-70.698484	-33.481658	2025-06-02T21:43:07+00:00	Cerrillos	21	0
7a28fe90-7039-42f2-9849-74fb87cfc4cc	POLICE		Av. Diego Aracena	-70.79306	-33.397205	2025-06-02T21:16:28+00:00	Pudahuel	21	0
db87cb41-cd63-4a2d-b603-7c90bd0ff95c	HAZARD	HAZARD_ON_ROAD_POT_HOLE	Av. Arturo Prat	-70.724501	-33.404617	2025-06-02T22:11:12+00:00	Renca	22	0
1ba1fc59-4ee7-40b0-a3f0-dbb03147d291	HAZARD	HAZARD_ON_ROAD_POT_HOLE	Quebrada Camarones	-70.533833	-33.466633	2025-06-02T02:35:43+00:00	Peñalolén	2	0
d8033dd3-7366-4dbe-9e74-987752a913bd	JAM		Av. Pocuro	-70.611351	-33.436993	2025-06-02T22:10:47+00:00	Providencia	22	0
810a3bd0-8073-4e75-9e26-ef4c0595b4f9	HAZARD	HAZARD_ON_ROAD_POT_HOLE	Cordillera de Los Andes	-70.763725	-33.485252	2025-06-02T11:43:50+00:00	Maipú	11	0
2bd50532-dab2-4b89-a827-3a174c1823c2	JAM	JAM_HEAVY_TRAFFIC	Caletera Acceso Sur	-70.60303	-33.608028	2025-06-02T21:58:43+00:00	Puente Alto	21	0
e31e166d-0c34-4028-a545-1c97b354426b	ROAD_CLOSED	ROAD_CLOSED_EVENT	Av. Américo Vespucio	-70.788679	-33.422438	2025-06-02T21:29:45+00:00	Pudahuel	21	0
ab2637e2-26de-4ddd-9fa8-0f9f43cc1026	JAM	JAM_HEAVY_TRAFFIC	Nueva Los Leones	-70.60748	-33.418757	2025-06-02T22:01:11+00:00	Providencia	22	0
e334e11f-8320-4f1d-9927-1d70477bf752	JAM	JAM_STAND_STILL_TRAFFIC	Av. Escuela Agrícola	-70.605877	-33.490577	2025-06-02T22:07:25+00:00	Macul	22	0
2d330e1a-322b-429c-9aef-9c748ee9a0af	JAM		Av. Cardenal José María Caro	-70.6729	-33.378678	2025-06-02T22:06:24+00:00	Conchalí	22	0
477040b0-4f25-4933-850f-75cb892f3f06	JAM	JAM_HEAVY_TRAFFIC	Mirador Azul	-70.609997	-33.514069	2025-06-02T22:08:03+00:00	La Florida	22	0
1dbf589b-135c-48f8-ad03-66cb83a90f91	HAZARD	HAZARD_ON_ROAD_POT_HOLE	Martín de Solís	-70.676893	-33.579239	2025-06-02T18:37:51+00:00	El Bosque	18	0
f7c7ef85-aa1b-4698-989f-94626a9f6496	JAM	JAM_HEAVY_TRAFFIC	Av. Santa Rosa	-70.626855	-33.609188	2025-06-02T22:10:33+00:00	La Pintana	22	0
7fe52626-a72b-46a2-97d8-a1ae5e401878	JAM	JAM_STAND_STILL_TRAFFIC	Av. Salvador	-70.625203	-33.43788	2025-06-02T21:54:17+00:00	Providencia	21	0
22caaa9f-ea4e-4beb-b62a-b61d52dde4b5	JAM	JAM_HEAVY_TRAFFIC	General Bulnes	-70.671413	-33.426423	2025-06-02T22:06:05+00:00	Renca	22	0
842d8fac-a6f3-42c5-83a7-9a1d6b574d5f	JAM	JAM_STAND_STILL_TRAFFIC	Av. Grecia	-70.572354	-33.469889	2025-06-02T21:58:18+00:00	Peñalolén	21	0
28361be1-e488-4e4d-b05d-58a8b7bc1d01	JAM	JAM_STAND_STILL_TRAFFIC	Cardenal Oviedo	-70.551627	-33.596874	2025-06-02T22:07:45+00:00	Puente Alto	22	0
4a90d294-0694-457c-90d3-1209acd311fb	HAZARD	HAZARD_ON_ROAD_OBJECT	Los Boldos	-70.736709	-33.323448	2025-06-02T21:44:14+00:00	Lampa	21	0
345e4c28-950e-4c62-a5d2-7ce5f4b0d2b6	JAM	JAM_STAND_STILL_TRAFFIC	Av. Ossa	-70.574731	-33.431858	2025-06-02T21:29:48+00:00	La Reina	21	0
a83db9a2-371a-42e9-9575-834b440861e5	HAZARD	HAZARD_ON_ROAD_POT_HOLE	Av. 3 Poniente	-70.778062	-33.508102	2025-06-02T20:59:14+00:00	Maipú	20	0
8a12a9a7-e205-4e9f-b83b-dfedfd52d1b5	JAM	JAM_HEAVY_TRAFFIC	Av. Simón Bolívar	-70.562473	-33.446517	2025-06-02T21:41:07+00:00	La Reina	21	0
e29c498f-25cd-4dd3-a40e-182afc9fb862	JAM	JAM_HEAVY_TRAFFIC	Salida Vespucio Norte > Las Condes	-70.699267	-33.367859	2025-06-02T21:34:09+00:00	Conchalí	21	0
545c9a13-1773-4756-837f-0c0686b3ef45	CHIT_CHAT		Av. El Bosque Norte	-70.600965	-33.415622	2025-06-02T22:01:58+00:00	Las Condes	22	0
3e1120ce-429f-405a-bb1c-711751dc1810	JAM	JAM_STAND_STILL_TRAFFIC	Av. Américo Vespucio	-70.571797	-33.457076	2025-06-02T21:50:00+00:00	Ñuñoa	21	0
ff776267-f4da-429e-a54a-e3522d05cf17	HAZARD	HAZARD_ON_ROAD_POT_HOLE	Marco Antonio	-70.76882	-33.541939	2025-05-31T13:27:11+00:00	Maipú	13	5
a958cee6-b2b7-4f47-b1ac-c4e7ccb99e4c	JAM		Mar del Sur	-70.739284	-33.45649	2025-06-02T22:10:04+00:00	Pudahuel	22	0
d0f1e1f8-516e-4847-9524-bd3f0971476d	POLICE		Toesca	-70.677951	-33.456683	2025-06-02T21:43:16+00:00	Santiago	21	0
cb162cb9-6c59-4964-8837-b1695c7a934f	JAM	JAM_STAND_STILL_TRAFFIC	Av. Padre Hurtado	-70.682271	-33.603607	2025-06-02T21:43:33+00:00	San Bernardo	21	0
22762a84-96ba-4727-9eeb-1777bef00cc7	HAZARD	HAZARD_ON_ROAD_POT_HOLE	Caleta Arrayán	-70.563536	-33.601113	2025-06-02T17:26:35+00:00	Puente Alto	17	0
850a4ea1-61a1-448b-a100-fcb3731e5e13	JAM	JAM_HEAVY_TRAFFIC	Av. Manuel Rodríguez	-70.760264	-33.498001	2025-06-02T22:10:36+00:00	Maipú	22	0
fc2d3370-6615-4f4e-bbfd-3fe02fbbddc4	JAM	JAM_HEAVY_TRAFFIC	Paul Harris	-70.537484	-33.407012	2025-06-02T21:59:17+00:00	Las Condes	21	0
